type,placeType,category,keywords_ko,keywords_cn,keywords_en,keywords_ja,keywords_fr,keywords_de,keywords_es,keywords_pt,keywords_vi,keywords_th,keywords_id,keywords_ms
general,airport,transport,공항|인천공항|김포공항|에어포트|입국,机场|航站楼|航空,airport|terminal|airfield,空港|エアポート,aéroport|terminal,Flughafen|Terminal,aeropuerto|terminal,aeroporto|terminal,sân bay|nhà ga hàng không,สนามบิน|ท่าอากาศยาน,bandara|bandar udara|terminal,lapangan terbang|terminal
general,busstop,transport,버스정류장|버스터미널|버스정류소|고속버스|시외버스|마을버스|버스|광역버스|간선버스|지선버스,公交车站|公交站|汽车站|客运站|巴士,bus stop|bus terminal|bus station|bus,バス停|バスターミナル|バス,arrêt de bus|gare routière|bus,Bushaltestelle|Busbahnhof|Bus,parada de autobús|estación de autobuses|bus,ponto de ônibus|rodoviária|ônibus,trạm xe buýt|bến xe|xe buýt,ป้ายรถเมล์|สถานีขนส่ง|รถเมล์,halte bus|terminal bus|bus,perhentian bas|terminal bas|bas
general,subway,transport,전철|지하철|지하철역|전철역|메트로|가평역|강릉역|검암역|경산역|광명역|광주송정역|구포역|나주역|대구역|대전역|동대구역|망우역|상봉역|서울역|서원주역|성남역|수서역|수원역|아산역|양평역|영등포역|오송역|용산역|울산역|원주역|익산역|일산역|전주역|정동진역|천안아산역|청량리역|평택지제역|포항역|행신역|지하철역 광고|광고,地铁|地铁站|城铁|加平站|江陵站|黔岩站|庆山站|光明站|光州松汀站|龟浦站|罗州站|大邱站|大田站|东大邱站|忘忧站|上凤站|首尔站|西原州站|城南站|水西站|水原站|牙山站|杨平站|永登浦站|五松站|龙山站|蔚山站|原州站|益山站|一山站|全州站|正东津站|天安牙山站|清凉里站|平泽芝制站|浦项站|幸信站,subway|metro|underground|Gapyeong Station|Gangneung Station|Geomam Station|Gyeongsan Station|Gwangmyeong Station|Gwangju Songjeong Station|Gupo Station|Naju Station|Daegu Station|Daejeon Station|Dongdaegu Station|Mangu Station|Sangbong Station|Seoul Station|Seowonju Station|Seongnam Station|Suseo Station|Suwon Station|Asan Station|Yangpyeong Station|Yeongdeungpo Station|Osong Station|Yongsan Station|Ulsan Station|Wonju Station|Iksan Station|Ilsan Station|Jeonju Station|Jeongdongjin Station|Cheonan Asan Station|Cheongnyangni Station|Pyeongtaek Jije Station|Pohang Station|Haengsin Station,地下鉄|メトロ|加平駅|江릉駅|黔岩駅|慶山駅|光明駅|光州松汀駅|亀浦駅|羅州駅|大邱駅|大田駅|東大邱駅|忘憂駅|上鳳駅|ソウル駅|西原州駅|城南駅|水西駅|水原駅|牙山駅|楊平駅|永登浦駅|五松駅|龍山駅|蔚山駅|原州駅|益山駅|一山駅|全州駅|正東津駅|天安牙山駅|清凉里駅|平沢芝制駅|浦項駅|幸信駅,métro|station de métro,U-Bahn|Metro|U-Bahnhof,metro|estación de metro,metrô|estação de metrô,tàu điện ngầm|ga tàu điện,รถไฟฟ้าใต้ดิน|สถานีรถไฟฟ้า|MRT,kereta bawah tanah|MRT|stasiun,kereta api bawah tanah|MRT|stesen
general,trainstation,transport,기차역|기차|KTX|SRT|무궁화|새마을|철도|역|가평역|강릉역|강릉선남강릉역|검암역|경산역|계룡역|곡성역|공주역|광명역|광주송정역|구례구역|구포역|김제역|김천구미역|나주역|남원역|논산역|단양역|대구역|대전역|동대구역|동해역|동화역|만종역|목포역|무안역|밀양역|반곡역|상봉역|서대구역|서울역|서원주역|성남역|수서역|수원역|순천역|아산역|안동역|양평역|여수EXPO역|여천역|영등포역|영주역|오송역|옥천역|용산역|울산역|원주역|의성역|익산역|일산역|임실역|장성역|전주역|정동진역|정남진역|정읍역|제천역|진부역|진영역|진주역|창원역|창원중앙역|천안아산역|청량리역|청도역|평창역|평택지제역|포항역|풍기역|하동역|함안역|행신역|횡성역,火车站|高铁站|铁路|车站|加平站|江陵站|江陵线南江陵站|黔岩站|庆山站|鸡龙站|谷城站|公州站|光明站|光州松汀站|求礼口站|龟浦站|金堤站|金泉龟尾站|罗州站|南原站|论山站|丹阳站|大邱站|大田站|东大邱站|东海站|桐华站|万钟站|木浦站|务安站|密阳站|盘谷站|上凤站|西大邱站|首尔站|西原州站|城南站|水西站|水原站|顺天站|牙山站|安东站|杨平站|丽水世博会站|丽川站|永登浦站|荣州站|五松站|沃川站|龙山站|蔚山站|原州站|义城站|益山站|一山站|任实站|长城站|全州站|正东津站|正南津站|井邑站|堤川站|珍富站|进永站|晋州站|昌原站|昌原中央站|天安牙山站|清凉里站|清道站|平昌站|平泽芝制站|浦项站|丰基站|河东站|咸安站|幸信站|横城站,train station|railway|KTX|railroad|Gapyeong Station|Gangneung Station|Gangneung Line Namgangneung Station|Geomam Station|Gyeongsan Station|Gyeryong Station|Gokseong Station|Gongju Station|Gwangmyeong Station|Gwangju Songjeong Station|Guryegu Station|Gupo Station|Gimje Station|Gimcheon Gumi Station|Naju Station|Namwon Station|Nonsan Station|Danyang Station|Daegu Station|Daejeon Station|Dongdaegu Station|Donghae Station|Donghwa Station|Manjong Station|Mokpo Station|Muan Station|Miryang Station|Bangok Station|Sangbong Station|Seodaegu Station|Seoul Station|Seowonju Station|Seongnam Station|Suseo Station|Suwon Station|Suncheon Station|Asan Station|Andong Station|Yangpyeong Station|Yeosu EXPO Station|Yeocheon Station|Yeongdeungpo Station|Yeongju Station|Osong Station|Okcheon Station|Yongsan Station|Ulsan Station|Wonju Station|Uiseong Station|Iksan Station|Ilsan Station|Imsil Station|Jangseong Station|Jeonju Station|Jeongdongjin Station|Jeongnamjin Station|Jeongeup Station|Jecheon Station|Jinbu Station|Jinyeong Station|Jinju Station|Changwon Station|Changwon Jungang Station|Cheonan Asan Station|Cheongnyangni Station|Cheongdo Station|Pyeongchang Station|Pyeongtaek Jije Station|Pohang Station|Punggi Station|Hadong Station|Haman Station|Haengsin Station|Hoengseong Station,駅|鉄道|列車|加平駅|江陵駅|江陵線南江陵駅|黔岩駅|慶山駅|鶏龍駅|谷城駅|公州駅|光明駅|光州松汀駅|求礼口駅|亀浦駅|金堤駅|金泉亀尾駅|羅州駅|南原駅|論山駅|丹陽駅|大邱駅|大田駅|東大邱駅|東海駅|桐華駅|万鍾駅|木浦駅|務安駅|密陽駅|盤谷駅|上鳳駅|西大邱駅|ソウル駅|西原州駅|城南駅|水西駅|水原駅|順天駅|牙山駅|安東駅|楊平駅|麗水EXPO駅|麗川駅|永登浦駅|栄州駅|五松駅|沃川駅|龍山駅|蔚山駅|原州駅|義城駅|益山駅|一山駅|任実駅|長城駅|全州駅|正東津駅|正南津駅|井邑駅|堤川駅|珍富駅|進永駅|晋州駅|昌原駅|昌原中央駅|天安牙山駅|清凉里駅|清道駅|平昌駅|平沢芝制駅|浦項駅|豊基駅|河東駅|咸安駅|幸信駅|横城駅,gare|gare ferroviaire|train|TGV,Bahnhof|Hauptbahnhof|Zug,estación de tren|tren|ferrocarril,estação de trem|trem|ferrovia,ga tàu|nhà ga|tàu hỏa,สถานีรถไฟ|รถไฟ,stasiun kereta|kereta api|stasiun,stesen kereta api|kereta api
general,taxistand,transport,택시승차장|택시|택시정류장|콜택시|카카오택시,出租车站|出租车|打车|叫车|的士,taxi stand|taxi|cab,タクシー乗り場|タクシー,station de taxi|taxi,Taxistand|Taxi,parada de taxi|taxi,ponto de táxi|táxi,bến taxi|taxi|xe taxi,แท็กซี่|จุดจอดแท็กซี่,pangkalan taksi|taksi,tempat teksi|teksi
general,ferryport,transport,페리부두|여객터미널|항구|선착장|배|페리|부두|포트,渡轮码头|码头|港口|客运码头|渡轮,ferry port|harbor|pier|dock|ferry,フェリー埠頭|港|フェリー,port de ferry|ferry|port|quai,Fährhafen|Fähre|Hafen,puerto de ferry|ferry|puerto|muelle,porto de balsa|balsa|porto,bến phà|phà|cảng,ท่าเรือเฟอร์รี่|เรือเฟอร์รี่|ท่าเรือ,pelabuhan feri|feri|dermaga,pelabuhan feri|feri|jeti
general,carrental,transport,자동차렌트|렌트카|렌터카|차량대여|카렌탈,租车|租车店|汽车租赁,car rental|rent a car|rental car,レンタカー|車レンタル,location de voiture|louer une voiture,Autovermietung|Mietwagen,alquiler de coches|renta de autos,aluguel de carro|locadora,thuê xe|cho thuê ô tô,เช่ารถ|รถเช่า,rental mobil|sewa mobil,sewa kereta|kereta sewa
general,gasstation,transport,주유소|충전소|전기충전|EV충전|셀프주유,加油站|充电站|加气站,gas station|fuel station|charging station|petrol,ガソリンスタンド|充電ステーション,station-service|essence|carburant,Tankstelle|Benzin,gasolinera|estación de servicio|gasolina,posto de gasolina|combustível,trạm xăng|cây xăng,ปั๊มน้ำมัน|สถานีเติมน้ำมัน,pom bensin|SPBU|bensin,stesen minyak|petrol
general,koreanrestaurant,food,한식당|한식|한정식|백반|국밥|냉면|비빔밥|칼국수|한식뷔페,韩餐厅|韩餐|韩国料理|韩式|韩国餐厅,korean restaurant|korean food|korean cuisine|hansik,韓国料理|韓食|韓国レストラン,restaurant coréen|cuisine coréenne|bibimbap,koreanisches Restaurant|koreanische Küche|Bibimbap,restaurante coreano|comida coreana,restaurante coreano|comida coreana,nhà hàng Hàn Quốc|đồ ăn Hàn|quán Hàn,ร้านอาหารเกาหลี|อาหารเกาหลี|บิบิมบับ,restoran Korea|masakan Korea|bibimbap,restoran Korea|masakan Korea
general,bbqrestaurant,food,고기구이집|삼겹살|갈비|소고기|돼지고기|구이|숯불|목살|곱창|양념갈비|한우집|한우|돼지,烤肉店|烤肉|五花肉|排骨|炭火烤肉,bbq|barbecue|grill|grilled meat|korean bbq,焼肉|バーベキュー|サムギョプサル,barbecue coréen|viande grillée|samgyeopsal,koreanisches BBQ|Grillfleisch|Samgyeopsal,barbacoa coreana|carne a la parrilla,churrasco coreano|carne grelhada,quán thịt nướng|BBQ Hàn Quốc|thịt nướng,ปิ้งย่างเกาหลี|บาร์บีคิว|หมูย่าง,restoran BBQ|daging panggang|Korean BBQ,restoran BBQ|daging panggang
general,chickenrestaurant,food,치킨집|치킨|후라이드|양념치킨|간장치킨|순살치킨|치맥,炸鸡店|炸鸡|韩式炸鸡|鸡肉,chicken|fried chicken|korean chicken,チキン|フライドチキン|韓国チキン,poulet frit coréen|poulet frit|chicken,koreanisches Hähnchen|Brathähnchen|Chicken,pollo frito coreano|pollo frito,frango frito coreano|frango frito,gà rán Hàn Quốc|gà rán|quán gà,ไก่ทอดเกาหลี|ไก่ทอด|ชิคเก้น,ayam goreng Korea|ayam goreng|chicken,ayam goreng Korea|ayam goreng
general,chineserestaurant,food,중화요리|중국집|중국음식|짜장면|짬뽕|탕수육|중식|목란|안동장|진진|팔선|신발원|홍보각|공화춘|영생덕|영화루|신성각|하오치|취영루|연경|중화루|신승반점|타이펑|금문도|초마|교동짬뽕|송탄영빈루|복성루|지린성|복성각|외백|홍명|대가방|서궁|일품향|개화|산동반점|홍복|희래등|현경|차이797|도원|상해|용무린|동보성|금룡|만다복|상원|아서원|중화반점|보영반점|동해반점|대명관|덕합반점|천안문|북경반점|동흥관|영해반점|수정궁|오향장육|하하|진진자차|유유안|라구정|왕함흥|동천홍|이비가|교동|짬뽕지존|홍자성|자금성|취홍|금성거|홍콩반점|백리향|도림|예궁|유방녕|여경래|상해루|동해원|용궁|청요리|매화|동승루|영풍|태화관|만리장성|대성각|경발원|동락반점|혜빈장|복영루|영빈관|신라|아서원|대문점|취치|동보성|구로디지털|홍성|태화|보성각|천지궁|중앙반점|대덕반점|신흥각,中餐厅|中餐|中国菜|中华料理|海鲜汤面|炸酱面|木蘭|安東莊|津津|八仙|新發園|紅寶각|共和春|永生德|永華樓|新成閣|好吃|聚英樓|燕京|中華樓|新勝飯店|太平|金門島|炒馬|校洞짬뽕|松炭永賓樓|福成樓|吉린城|福成閣|外白|紅明|代家坊|西宮|一品香|開華|山東飯店|鴻福|喜來登|玄鏡|CHAI797|桃源|上海|龍舞린|東寶城|金龍|萬多福|祥苑|雅서園|中華飯店|寶永飯店|東海飯店|大明館|德合飯店|天安門|北京飯店|東興館|迎海飯店|水晶宮|五香醬肉|哈哈|津津자차|豫園|王咸興|東天紅|이비가|校洞|짬뽕至尊|紅紫城|紫禁城|聚紅|金城居|香港飯店|百里香|桃林|禮宮|劉方寧|呂敬來|上海樓|東海園|龍宮|淸料理|梅花|東昇樓|永豊|泰華館|萬里長城|大成閣|慶發園|東樂飯店|惠賓莊|福永樓|迎賓館|新羅|雅서園|大門店|聚聚|東寶城|九老디지털|鴻城|泰華|寶成閣|天地宮|中央飯店|大德飯店|新興閣,chinese restaurant|chinese food|chinese cuisine|Mokran|Andongjang|Jinjin|Palsun|Shinbalwon|Hongbogak|Gonghwachun|Yeongsaengdeok|Yeonghwaru|Sinseonggak|Haochi|Chuiyeongru|Yeon-gyeong|Junghwaru|Shinseung-banjeom|Taipung|Geummondo|Choma|Gyodong-Jjamppong|Songtan-Yeongbinru|Bokseungru|Jirinseong|Bokseunggak|Oebaek|Hongmyeong|Daegabang|Seogung|Ilpumhyang|Gaehwa|Sandong-banjeom|Hongbok|Heeraedeung|Hyeongyeong|Chai797|Dowon|Sanghae|Yongmurin|Dongboseong|Geumryong|Mandabok|Sangwon|Aseowon|Junghwa-banjeom|Boyeong-banjeom|Donghae-banjeom|Daemyunggwan|Deokhap-banjeom|Cheonanmun|Bukgyeong-banjeom|Dongheung-gwan|Yeonghae-banjeom|Sujeonggung|Ohyangjangyuk|Haha|Jinjin-jacha|Yuyuan|Ragujeong|Wanghamheung|Dongcheonhong|Eebiga|Gyodong|Jjamppong-Jijon|Hongjaseong|Jageumseong|Chwihong|Geumseonggeo|Hongkong-banjeom|Baengnihyang|Dorim|Yegung|YuBangnyeong|LuChinglai|Sanghaeru|Donghaewon|Yonggung|Cheong-yori|Maehwa|Dongseungru|Yeongpung|Taehwagwan|Manriseong|Daeseonggak|Gyeongbarwon|Dongrak-banjeom|Hyebinjang|Bokyeongru|Yeongbin-gwan|Shilla|Aseowon|Daemunjip|Chwichi|Dongboseong|Guro-Digital|Hongseong|Taehwa|Boseonggak|Cheonjigung|Jungang-banjeom|Daedeok-banjeom|Shinheunggak,中華料理|中国料理|木蘭|安東荘|津津|八仙|新発園|紅宝閣|共和春|永生徳|永華楼|新成閣|好吃|聚英楼|燕京|中華楼|新勝飯店|太平|金門島|炒馬|校洞チャンポン|松炭永賓楼|福成楼|吉林城|福成閣|外白|紅明|代家坊|西宮|一品香|開華|山東飯店|鴻福|喜来登|玄鏡|チャイ797|桃源|上海|龍舞麟|東宝城|金龍|万多福|祥苑|雅叙園|中華飯店|宝永飯店|東海飯店|大明館|徳合飯店|天安門|北京飯店|東興館|迎海飯店|水晶宮|五香醤肉|哈哈|津津自茶|予園|王咸興|東天紅|イビガ|校洞|チャンポン至尊|紅紫城|紫禁城|聚紅|金城居|香港飯店|百里香|桃林|礼宮|劉方寧|呂敬来|上海楼|東海園|龍宮|清料理|梅花|東昇楼|永豊|泰華館|万里長城|大成閣|慶発園|東楽飯店|恵賓荘|福永楼|迎賓館|新羅|雅叙園|大門店|聚聚|東宝城|九老デジタル|鴻城|泰華|宝成閣|天地宮|中央飯店|大徳飯店|新興閣,restaurant chinois|cuisine chinoise,chinesisches Restaurant|chinesische Küche,restaurante chino|comida china,restaurante chinês|comida chinesa,nhà hàng Trung Quốc|đồ ăn Trung|quán Trung,ร้านอาหารจีน|อาหารจีน,restoran Cina|masakan Cina|Chinese,restoran Cina|masakan Cina
general,cafe,food,카페|커피|커피숍|커피전문점|스타벅스|이디야|투썸|카페인,咖啡厅|咖啡|咖啡馆|咖啡店,cafe|coffee|coffee shop|starbucks,カフェ|コーヒー|喫茶店,café|salon de thé|Starbucks,Café|Kaffeehaus|Kaffee|Starbucks,café|cafetería|Starbucks,café|cafeteria|Starbucks,quán cà phê|cà phê|Starbucks,คาเฟ่|ร้านกาแฟ|กาแฟ|สตาร์บัคส์,kafe|kedai kopi|kopi|Starbucks,kafe|kedai kopi|kopi|Starbucks
general,bakery,food,베이커리|빵집|제과점|파리바게뜨|뚜레쥬르|케이크|빵,面包店|面包|蛋糕店|烘焙,bakery|bread|pastry|cake shop,ベーカリー|パン屋|ケーキ,boulangerie|pâtisserie|pain|gâteau,Bäckerei|Konditorei|Brot|Kuchen,panadería|pastelería|pan,padaria|confeitaria|pão,tiệm bánh|bánh mì|bánh ngọt,ร้านเบเกอรี่|ขนมปัง|เค้ก,toko roti|bakery|kue,kedai roti|bakeri|kek
general,bar,food,바|술집|호프|이자카야|칵테일|와인바|맥주집|포차,酒吧|啤酒屋|鸡尾酒|居酒屋,bar|pub|tavern|cocktail|beer,バー|居酒屋|パブ,bar|pub|cocktail|bière,Bar|Kneipe|Cocktail|Bier,bar|pub|cóctel|cerveza,bar|pub|coquetel|cerveja,quán bar|quán rượu|bia|cocktail,บาร์|ผับ|ค็อกเทล|เบียร์,bar|pub|cocktail|bir,bar|pub|koktel|bir
general,foodcourt,food,푸드코트|식당가|먹자골목|음식점거리,美食广场|美食街|餐饮区|小吃街,food court|food street|food hall,フードコート|食堂街,aire de restauration|food court,Food Court|Essensmeile,patio de comidas|food court,praça de alimentação|food court,khu ẩm thực|food court,ศูนย์อาหาร|ฟู้ดคอร์ท,food court|pusat jajanan,medan selera|food court
general,winestore,food,와인샵|와인가게|와인매장|와인전문점|주류매장|와인,葡萄酒店|红酒店|酒类商店|葡萄酒,wine store|wine shop|liquor store|wine,ワインショップ|酒屋|ワイン,cave à vin|magasin de vin|vin,Weinhandlung|Weinladen|Wein,tienda de vinos|vinoteca|vino,loja de vinhos|adega|vinho,cửa hàng rượu vang|rượu vang,ร้านไวน์|ไวน์,toko wine|wine,kedai wain|wain
general,departmentstore,shopping,백화점|롯데백화점|현대백화점|신세계|갤러리아,百货商店|百货|百货公司,department store|department,デパート|百貨店,grand magasin|magasin,Kaufhaus|Warenhaus,grandes almacenes|tienda departamental,loja de departamentos,trung tâm thương mại|cửa hàng bách hóa,ห้างสรรพสินค้า|ห้าง,department store|mal|toserba,pusat membeli-belah|gedung membeli-belah
general,traditionalmarket,shopping,전통시장|재래시장|시장|남대문시장|광장시장,传统市场|传统市集|集市|菜市场,traditional market|market|marketplace,伝統市場|市場,marché traditionnel|marché,traditioneller Markt|Markt,mercado tradicional|mercado,mercado tradicional|mercado|feira,chợ truyền thống|chợ,ตลาดดั้งเดิม|ตลาด,pasar tradisional|pasar,pasar tradisional|pasar
general,supermarket,shopping,슈퍼마켓|대형마트|마트|이마트|홈플러스|코스트코|하나로마트|이케아,超市|大型超市|超级市场,supermarket|mart|grocery,スーパー|スーパーマーケット,supermarché|hypermarché,Supermarkt|Einkaufsmarkt,supermercado|hipermercado,supermercado|hipermercado,siêu thị,ซูเปอร์มาร์เก็ต|ห้างสรรพสินค้า,supermarket|swalayan,pasar raya|supermarket
general,conveniencestore,shopping,편의점|CU|GS25|세븐일레븐|이마트24|미니스톱,便利店|小卖部,convenience store|convenient store,コンビニ|コンビニエンスストア,supérette|épicerie|dépanneur,Kiosk|Späti|Convenience Store,tienda de conveniencia|minimarket,loja de conveniência|minimercado,cửa hàng tiện lợi|tiệm tạp hóa,ร้านสะดวกซื้อ|เซเว่น,minimarket|toko kelontong|Indomaret|Alfamart,kedai serbaneka|minimarket
general,clothingstore,shopping,의류가게|옷가게|패션|의류|옷|동대문|백화점,服装店|服饰|时装店|衣服,clothing store|fashion|clothes|apparel,洋服店|アパレル|ファッション,magasin de vêtements|boutique|mode,Bekleidungsgeschäft|Kleidung|Mode,tienda de ropa|ropa|moda,loja de roupas|roupa|moda,cửa hàng quần áo|shop thời trang,ร้านเสื้อผ้า|เสื้อผ้า|แฟชั่น,toko baju|pakaian|fashion,kedai pakaian|fesyen
general,shoestore,shopping,신발가게|구두|운동화|슈즈|신발|동대문|백화점,鞋店|鞋子|皮鞋,shoe store|shoes|footwear,靴屋|シューズ,magasin de chaussures|chaussures,Schuhgeschäft|Schuhe,zapatería|zapatos,sapataria|sapatos,cửa hàng giày|giày dép,ร้านรองเท้า|รองเท้า,toko sepatu|sepatu,kedai kasut|kasut
general,cosmeticsstore,shopping,화장품매점|화장품|올리브영|뷰티|스킨케어|코스메틱|백화점,化妆品店|化妆品|美妆|护肤,cosmetics|beauty store|skincare|makeup,化粧品店|コスメ|ビューティー,magasin de cosmétiques|cosmétiques|maquillage,Kosmetikgeschäft|Kosmetik|Drogerie,tienda de cosméticos|cosméticos|maquillaje,loja de cosméticos|cosméticos|maquiagem,cửa hàng mỹ phẩm|mỹ phẩm,ร้านเครื่องสำอาง|เครื่องสำอาง,toko kosmetik|kosmetik,kedai kosmetik|kosmetik
general,electronicsstore,shopping,전자제품매장|전자제품|하이마트|전자랜드|삼성전자|LG|가전|삼성스토어,电子产品店|电器|电子城|数码,electronics|tech store|gadget,電子製品|家電量販店,magasin d'électronique|électronique,Elektronikgeschäft|Elektronik,tienda de electrónica|electrónica,loja de eletrônicos|eletrônicos,cửa hàng điện tử|điện tử,ร้านเครื่องใช้ไฟฟ้า|อิเล็กทรอนิกส์,toko elektronik|elektronik,kedai elektronik|elektronik
general,bookstore,shopping,서점|교보문고|영풍문고|알라딘|YES24|책,书店|图书|书籍,bookstore|book shop|books,書店|本屋,librairie|livres,Buchhandlung|Bücher,librería|libros,livraria|livros,nhà sách|sách,ร้านหนังสือ|หนังสือ,toko buku|buku,kedai buku|buku
general,furniturestore,shopping,가구점|가구|이케아|한샘|리바트|인테리어|이케아|가구단지,家具店|家具|家居,furniture|home furnishing|ikea,家具店|インテリア,magasin de meubles|meubles|IKEA,Möbelgeschäft|Möbel|IKEA,tienda de muebles|muebles|IKEA,loja de móveis|móveis|IKEA,cửa hàng nội thất|nội thất,ร้านเฟอร์นิเจอร์|เฟอร์นิเจอร์,toko furnitur|furnitur|IKEA,kedai perabot|perabot|IKEA
general,sportsstore,shopping,스포츠용품|스포츠|나이키|아디다스|운동용품|등산용품|백화점,体育用品店|运动用品|体育|运动,sports store|sports goods|athletic|sportswear,スポーツ用品|スポーツショップ,magasin de sport|sport|Nike|Adidas,Sportgeschäft|Sport|Nike|Adidas,tienda de deportes|deportes,loja de esportes|esportes,cửa hàng thể thao|đồ thể thao,ร้านกีฬา|อุปกรณ์กีฬา,toko olahraga|peralatan olahraga,kedai sukan|peralatan sukan
general,florist,shopping,꽃가게|꽃집|플라워샵|꽃|화훼,花店|鲜花|花卉,florist|flower shop|flowers,花屋|フラワーショップ,fleuriste|fleurs,Blumenladen|Blumen,floristería|flores,floricultura|flores,tiệm hoa|hoa,ร้านดอกไม้|ดอกไม้,toko bunga|bunga,kedai bunga|bunga
general,jewelry,shopping,쥬얼리|보석|귀금속|액세서리|주얼리|반지|목걸이,珠宝店|珠宝|首饰|金银,jewelry|jewellery|gems|accessories,ジュエリー|宝石店|アクセサリー,bijouterie|bijoux,Juwelier|Schmuck,joyería|joyas,joalheria|joias,tiệm trang sức|trang sức,ร้านเครื่องประดับ|เครื่องประดับ,toko perhiasan|perhiasan,kedai barang kemas|barang kemas
general,eyeglassstore,shopping,안경점|안경|렌즈|선글라스|콘택트렌즈,眼镜店|眼镜|隐形眼镜,eyeglass|glasses|optician|optical,メガネ|眼鏡店,opticien|lunettes,Optiker|Brille,óptica|gafas|lentes,ótica|óculos,tiệm kính|kính mắt,ร้านแว่นตา|แว่นตา,optik|kacamata,kedai cermin mata|cermin mata
general,petshop,shopping,반려동물가게|펫샵|애견용품|반려동물|강아지|고양이|펫,宠物店|宠物|宠物用品,pet shop|pet store|pet,ペットショップ|ペット,animalerie|animaux,Tierhandlung|Haustier,tienda de mascotas|mascotas,pet shop|animais de estimação,cửa hàng thú cưng|thú cưng,ร้านสัตว์เลี้ยง|สัตว์เลี้ยง,toko hewan|pet shop,kedai haiwan|haiwan peliharaan
general,dongdaemunmarket,shopping,동대문시장|동대문|동대문쇼핑,东大门市场|东大门,dongdaemun market|dongdaemun,東大門市場|東大門,marché de Dongdaemun|Dongdaemun,Dongdaemun-Markt|Dongdaemun,mercado de Dongdaemun|Dongdaemun,mercado de Dongdaemun|Dongdaemun,chợ Dongdaemun|Dongdaemun,ตลาดทงแดมุน|ทงแดมุน,pasar Dongdaemun|Dongdaemun,pasar Dongdaemun|Dongdaemun
general,seafoodmarket,shopping,수산시장|횟집|생선|해산물|활어|조개|어시장|노량진,水产市场|海鲜市场|鱼市|海鲜,seafood market|fish market|seafood,水産市場|魚市場|海鮮,marché aux poissons|fruits de mer,Fischmarkt|Meeresfrüchte,mercado de mariscos|mariscos|pescado,mercado de peixes|frutos do mar,chợ hải sản|hải sản,ตลาดอาหารทะเล|อาหารทะเล,pasar ikan|seafood,pasar ikan|makanan laut
general,hotel,accommodation,호텔|숙소|모텔|게스트하우스|에어비앤비|민박|리조트|여관|펜션,酒店|宾馆|旅馆|住宿|民宿|度假村,hotel|motel|guesthouse|hostel|resort|accommodation|airbnb,ホテル|旅館|宿泊|民宿,hôtel|auberge|hébergement|Airbnb,Hotel|Pension|Unterkunft|Airbnb,hotel|alojamiento|hostal|Airbnb,hotel|hospedagem|pousada|Airbnb,khách sạn|nhà nghỉ|homestay|Airbnb,โรงแรม|ที่พัก|โฮสเทล|Airbnb,hotel|penginapan|losmen|Airbnb,hotel|penginapan|Airbnb
general,spahotel,accommodation,온천호텔|온천리조트|스파호텔|온천,温泉酒店|温泉度假村,spa hotel|hot spring hotel|spa resort,温泉ホテル|温泉旅館,hôtel spa|hôtel thermal,Spa-Hotel|Thermalhotel,hotel spa|hotel termal|aguas termales,hotel spa|hotel termal|águas termais,khách sạn suối nước nóng|spa hotel,โรงแรมสปา|โรงแรมน้ำพุร้อน,hotel spa|pemandian air panas,hotel spa|mata air panas
general,campingsite,accommodation,캠핑장|캠핑|오토캠핑|글램핑|야영,露营地|露营|营地|帐篷,camping|campsite|glamping,キャンプ場|キャンプ|グランピング,camping|terrain de camping|glamping,Campingplatz|Camping|Glamping,camping|campamento|glamping,camping|acampamento|glamping,khu cắm trại|cắm trại|glamping,แคมป์ปิ้ง|ที่ตั้งแคมป์|แกลมปิ้ง,kemping|perkemahan|glamping,perkhemahan|kemping|glamping
general,hospital,medical,대학교병원|병원|종합병원|대학병원|의원|클리닉|내과|외과|소아과|산부인과|정형외과|안과|이비인후과|피부과|비뇨기과|삼성병원|삼성서울병원|아산병원|세브란스,医院|综合医院|大学医院|诊所|门诊|内科|外科,university hospital|hospital|clinic|medical center|doctor,大学病院|病院|医院|クリニック|診療所,hôpital|clinique|médecin|urgences,Krankenhaus|Klinik|Arzt,hospital|clínica|médico,hospital|clínica|médico,bệnh viện|phòng khám|bác sĩ,โรงพยาบาล|คลินิก|หมอ,rumah sakit|klinik|dokter,hospital|klinik|doktor
general,dental,medical,치과|치과의원|치과병원|임플란트|교정|스케일링,牙科|牙科医院|口腔|牙医,dental|dentist|dental clinic,歯科|歯医者|デンタル,dentiste|cabinet dentaire,Zahnarzt|Zahnklinik,dentista|clínica dental,dentista|clínica odontológica,nha khoa|nha sĩ,ทันตแพทย์|คลินิกทันตกรรม,dokter gigi|klinik gigi,doktor gigi|klinik pergigian
general,pharmacy,medical,약국|약|조제|처방전,药店|药房|药局|药,pharmacy|drugstore|chemist,薬局|ドラッグストア,pharmacie|médicament,Apotheke|Medikament,farmacia|medicamento,farmácia|remédio,nhà thuốc|hiệu thuốc|thuốc,ร้านขายยา|ยา,apotek|obat,farmasi|ubat
general,emergencyroom,medical,응급실|응급센터|응급|119,急诊室|急诊|急救,emergency room|ER|emergency,救急室|緊急,urgences|salle d'urgence,Notaufnahme|Notfall,urgencias|sala de emergencias,pronto-socorro|emergência,phòng cấp cứu|cấp cứu,ห้องฉุกเฉิน|ฉุกเฉิน,UGD|unit gawat darurat|darurat,bilik kecemasan|kecemasan
general,veterinaryclinic,medical,동물병원|수의사|반려동물병원|펫클리닉,宠物医院|兽医|动物医院,veterinary|vet clinic|animal hospital|vet,動物病院|獣医,vétérinaire|clinique vétérinaire,Tierarzt|Tierklinik,veterinario|clínica veterinaria,veterinário|clínica veterinária,phòng khám thú y|bác sĩ thú y,สัตวแพทย์|คลินิกสัตว์,dokter hewan|klinik hewan,doktor haiwan|klinik veterinar
general,PlasticSurgery,medical,성형외과|성형|미용성형|쌍꺼풀|코성형|보톡스|필러,整形外科|整形|整容|美容整形,plastic surgery|cosmetic surgery|aesthetics,整形外科|美容整形,chirurgie esthétique|chirurgie plastique,Schönheitschirurgie|plastische Chirurgie,cirugía plástica|cirugía estética,cirurgia plástica|cirurgia estética,phẫu thuật thẩm mỹ|thẩm mỹ viện,ศัลยกรรมตกแต่ง|คลินิกความงาม,bedah plastik|operasi plastik,pembedahan plastik|pembedahan kosmetik
general,hairsalon,beauty,헤어샵|미용실|헤어|미장원|머리|파마|염색|커트,美发店|理发店|发廊|剪发|烫发,hair salon|haircut|hairdresser|barber,美容室|ヘアサロン|美容院,salon de coiffure|coiffeur|coupe de cheveux,Friseursalon|Friseur|Haarschnitt,peluquería|salón de belleza|corte de pelo,salão de cabeleireiro|cabeleireiro|corte de cabelo,tiệm tóc|cắt tóc|salon tóc,ร้านทำผม|ร้านตัดผม|ทำผม,salon rambut|potong rambut|barbershop,salun rambut|gunting rambut
general,beautyshop,beauty,뷰티샵|피부관리|에스테틱|피부과|스킨케어샵,美容院|美容|护肤中心|皮肤管理,beauty shop|skincare|aesthetics|facial,エステ|ビューティー|スキンケア,institut de beauté|soins du visage,Kosmetikstudio|Hautpflege,salón de belleza|cuidado de la piel,salão de beleza|cuidados com a pele,spa thẩm mỹ|chăm sóc da,ร้านเสริมสวย|ดูแลผิว,salon kecantikan|perawatan kulit,salon kecantikan|penjagaan kulit
general,nailsalon,beauty,네일샵|네일|네일아트|매니큐어|젤네일,美甲店|美甲|指甲,nail salon|nail art|manicure|nails,ネイルサロン|ネイル,salon de manucure|manucure|ongles,Nagelstudio|Maniküre|Nägel,salón de uñas|manicura,salão de unhas|manicure,tiệm nail|làm móng,ร้านทำเล็บ|ทำเล็บ,salon kuku|manikur,salun kuku|manikur
general,massageshop,beauty,안마소|마사지|마사지샵|발마사지|타이마사지,按摩店|按摩|推拿|足疗,massage|massage shop|spa massage,マッサージ|マッサージ店,salon de massage|massage,Massagesalon|Massage,salón de masajes|masaje,salão de massagem|massagem,tiệm massage|massage,ร้านนวด|นวด|นวดแผนไทย,pijat|tempat pijat|massage,urut|tempat urut|massage
general,spa,beauty,온천|스파|족욕|노천온천|온천탕,温泉|SPA|泡汤,spa|hot spring|onsen,温泉|スパ,spa|thermes|bain chaud,Spa|Therme|Thermalbad,spa|aguas termales|termas,spa|termas,spa|suối nước nóng,สปา|น้ำพุร้อน|ออนเซ็น,spa|pemandian air panas,spa|mata air panas
general,cinema,entertainment,영화관|극장|CGV|메가박스|롯데시네마|영화,电影院|影院|影城|电影,cinema|movie theater|movies|film,映画館|シネマ|映画,cinéma|film|salle de cinéma,Kino|Film|Filmtheater,cine|película|sala de cine,cinema|filme,rạp chiếu phim|rạp phim|phim,โรงหนัง|โรงภาพยนตร์|หนัง,bioskop|film|sinema,panggung wayang|filem|pawagam
general,theater,entertainment,극장|뮤지컬|연극|공연장|연극극장,剧场|话剧|歌剧院|演出,theater|theatre|play|drama|musical,劇場|ミュージカル|演劇,théâtre|comédie musicale|spectacle,Theater|Musical|Aufführung,teatro|musical|espectáculo,teatro|musical|espetáculo,nhà hát|kịch|sân khấu,โรงละคร|ละครเวที|มิวสิคัล,teater|pertunjukan|drama,teater|persembahan|drama
general,concerthall,entertainment,콘서트홀|음악당|공연장|아트센터|예술의전당|아트홀,音乐厅|演奏厅|艺术中心,concert hall|music hall|performing arts,コンサートホール|音楽堂,salle de concert|auditorium,Konzerthalle|Konzertsaal,sala de conciertos|auditorio,sala de concertos|auditório,nhà hòa nhạc|phòng hòa nhạc,ห้องแสดงคอนเสิร์ต|หอประชุม,gedung konser|auditorium,dewan konsert|auditorium
general,concert,entertainment,콘서트|공연|라이브|콘서트장,演唱会|音乐会|现场演出,concert|live show|gig,コンサート|ライブ,concert|spectacle live,Konzert|Live-Show,concierto|show en vivo,concerto|show ao vivo,buổi hòa nhạc|concert|biểu diễn,คอนเสิร์ต|การแสดงสด,konser|pertunjukan musik,konsert|persembahan langsung
general,karaoke,entertainment,노래방|노래연습장|코인노래방|가라오케,KTV|卡拉OK|唱歌,karaoke|KTV|singing room,カラオケ|ノレバン,karaoké|salle de karaoké,Karaoke|Karaoke-Bar,karaoke|sala de karaoke,karaokê|sala de karaokê,karaoke|phòng hát,คาราโอเกะ|ร้องเพลง,karaoke|KTV,karaoke|KTV
general,club,entertainment,클럽|나이트클럽|나이트|이태원클럽|강남클럽,夜店|俱乐部|夜总会,club|nightclub|night club,クラブ|ナイトクラブ,boîte de nuit|discothèque|club,Nachtclub|Diskothek|Club,discoteca|club nocturno|club,boate|balada|clube noturno,hộp đêm|vũ trường|club,คลับ|ไนท์คลับ,klub malam|diskotik|club,kelab malam|disko
general,amusementpark,entertainment,놀이공원|놀이동산|에버랜드|롯데월드,游乐园|游乐场|乐园,amusement park|theme park|everland|lotte world,遊園地|アミューズメントパーク,parc d'attractions|parc de loisirs,Freizeitpark|Vergnügungspark,parque de atracciones|parque de diversiones,parque de diversões,công viên giải trí|công viên vui chơi,สวนสนุก,taman hiburan|taman bermain,taman hiburan|taman tema
general,themepark,entertainment,테마파크|워터파크|키자니아,主题公园|水上乐园,theme park|water park,テーマパーク|ウォーターパーク,parc à thème|parc aquatique,Themenpark|Wasserpark,parque temático|parque acuático,parque temático|parque aquático,công viên chủ đề|công viên nước,ธีมพาร์ค|สวนน้ำ,taman tema|waterpark,taman tema|taman air
general,aquarium,entertainment,아쿠아리움|수족관|아쿠아플라넷|해양공원,水族馆|海洋公园|海洋馆,aquarium|ocean park|sea world,水族館|アクアリウム,aquarium|parc marin,Aquarium|Meerespark,acuario|parque marino,aquário|parque marinho,thủy cung|bể cá,พิพิธภัณฑ์สัตว์น้ำ|อะควาเรียม,akuarium,akuarium
general,zoo,entertainment,동물원|서울대공원|에버랜드동물원,动物园|野生动物园,zoo|animal park|wildlife,動物園,zoo|jardin zoologique,Zoo|Tierpark,zoo|zoológico,zoo|zoológico,sở thú|vườn thú,สวนสัตว์,kebun binatang,zoo|taman haiwan
general,escaperoomcafe,entertainment,방탈출 카페|방탈출|이스케이프룸,密室逃脱咖啡厅|密室逃脱|密室,escape room|escape cafe,脱出ゲーム|エスケープルーム,escape room|escape game,Escape Room,escape room|sala de escape,escape room|sala de fuga,phòng thoát hiểm|escape room,ห้องหนีเกม|Escape Room,escape room,escape room|bilik melarikan diri
general,boardgamecafe,entertainment,보드게임카페|보드게임|보드카페,桌游咖啡厅|桌游|桌游吧,board game cafe|board game,ボードゲームカフェ|ボードゲーム,café jeux de société|jeux de société,Brettspielcafé|Brettspiel,café de juegos de mesa|juegos de mesa,café de jogos de tabuleiro|jogos de mesa,quán board game|trò chơi bàn,คาเฟ่บอร์ดเกม|บอร์ดเกม,kafe board game|board game,kafe permainan papan|board game
general,themecafe,entertainment,테마카페|고양이카페|강아지카페|만화카페,主题咖啡厅|猫咖|狗咖|动漫咖啡厅,theme cafe|cat cafe|dog cafe,テーマカフェ|猫カフェ,café à thème|café des chats,Themencafé|Katzencafé,café temático|café de gatos,café temático|café de gatos,quán cà phê chủ đề|quán cà phê mèo,คาเฟ่ธีม|คาเฟ่แมว,kafe tema|kafe kucing,kafe tema|kafe kucing
general,internetcafe,entertainment,인터넷카페|PC방|피씨방|게임방,网咖|网吧|电脑房,internet cafe|PC room|gaming cafe|pc bang,ネットカフェ|PCバン,cybercafé|salle de jeux,Internetcafé|PC-Raum,cibercafé|sala de juegos,lan house|cibercafé,quán net|quán game|tiệm internet,ร้านอินเทอร์เน็ต|ร้านเกม,warnet|game center,kafe siber|pusat permainan
general,billiard,entertainment,당구장|당구|포켓볼|비리야드,台球厅|台球|桌球,billiard|pool|snooker,ビリヤード|ビリヤード場,billard|salle de billard,Billard|Billardhalle,billar|sala de billar,bilhar|sinuca,bi-a|quán bi-a,สนุ๊กเกอร์|บิลเลียด,biliar|billiard,bilyar|billiard
general,wellnessclub,sports,피트니스센터|헬스장|헬스클럽|짐|운동|피트니스|헬스,健身中心|健身房|健身|体育馆,fitness center|gym|wellness|health club,フィットネスセンター|ジム|スポーツジム,salle de sport|gym|fitness,Fitnessstudio|Gym|Fitness,gimnasio|gym|fitness,academia|gym|fitness,phòng gym|phòng tập|thể hình,ฟิตเนส|ยิม|ห้องออกกำลังกาย,gym|fitness|pusat kebugaran,gim|pusat kecergasan
general,yogastudio,sports,요가스튜디오|요가|필라테스|요가원,瑜伽馆|瑜伽|普拉提,yoga studio|yoga|pilates,ヨガスタジオ|ヨガ|ピラティス,studio de yoga|yoga|pilates,Yogastudio|Yoga|Pilates,estudio de yoga|yoga|pilates,estúdio de yoga|yoga|pilates,phòng yoga|yoga|pilates,สตูดิโอโยคะ|โยคะ|พิลาทิส,studio yoga|yoga|pilates,studio yoga|yoga|pilates
general,golfclub,sports,골프장|골프|골프클럽|골프연습장|스크린골프|드라이빙레인지|스크린골프,高尔夫球场|高尔夫|练习场,golf club|golf course|golf|driving range,ゴルフ場|ゴルフ|打ちっぱなし,club de golf|golf|terrain de golf,Golfclub|Golf|Golfplatz,club de golf|golf|campo de golf,clube de golfe|golfe|campo de golfe,sân golf|câu lạc bộ golf|golf,สนามกอล์ฟ|กอล์ฟ,lapangan golf|golf,padang golf|golf
general,swimmingpool,sports,수영장|수영|실내수영장|워터파크,游泳池|游泳|游泳馆,swimming pool|pool|swimming,プール|水泳,piscine|natation,Schwimmbad|Schwimmen|Hallenbad,piscina|natación,piscina|natação,hồ bơi|bể bơi|bơi,สระว่ายน้ำ|ว่ายน้ำ,kolam renang|berenang,kolam renang|berenang
general,skiresort,sports,스키리조트|스키장|스키|스노보드|보드|콘도|비발디파크|모나용평|알펜시아|엘리시안강촌|하이원|휘닉스평창|곤지암리조트|지산포레스트|무주덕유산|에덴벨리,滑雪场|滑雪|雪场|公寓式酒店|大明维瓦尔第度假村|龙平度假村|阿尔卑西亚|伊利希安江村|海云度假村|凤凰平昌|昆池岩度假村|芝山森林|茂朱德裕山|伊甸园山谷,ski resort|ski|snowboard|skiing|Condominium|VivaldiPark|MonaYongpyong|Alpensia|ElysianGangchon|High1|PhoenixPyeongchang|KonjiamResort|JisanForest|MujuDeogyusan|EdenValley,スキーリゾート|スキー場|スキー|コンドミニアム|ビバルディパーク|モナ龍平|アルペンシア|エリシアン江村|ハイワン|フィニックス平昌|昆池岩リゾート|芝山フォレスト|茂朱徳裕山|エデンベリー,station de ski|ski|snowboard,Skigebiet|Ski|Snowboard,estación de esquí|esquí|snowboard,estação de esqui|esqui|snowboard,khu trượt tuyết|trượt tuyết|ski,สกีรีสอร์ท|เล่นสกี|สโนว์บอร์ด,resor ski|ski|snowboard,resort ski|ski|snowboard
general,bowlingalley,sports,볼링장|볼링,保龄球馆|保龄球,bowling alley|bowling,ボウリング場|ボウリング,bowling,Bowlingbahn|Bowling,bolera|bowling,boliche|bowling,bowling|sân bowling,โบว์ลิ่ง,bowling,boling
general,skatepark,sports,스케이트파크|스케이트보드|스케이트|롤러장,滑板公园|滑板|溜冰,skate park|skateboard|skating,スケートパーク|スケート,skatepark|skateboard|patinage,Skatepark|Skateboard,skatepark|skateboard|patinaje,skatepark|skate|patinação,công viên trượt ván|skate,สเก็ตพาร์ค|สเก็ตบอร์ด,skatepark|skateboard,taman skate|skateboard
general,baseballarena,sports,야구경기장|야구장|야구|잠실야구장|고척돔,棒球场|棒球,baseball arena|baseball stadium|baseball,野球場|野球,stade de baseball|baseball,Baseballstadion|Baseball,estadio de béisbol|béisbol,estádio de beisebol|beisebol,sân bóng chày|bóng chày,สนามเบสบอล|เบสบอล,stadion bisbol|bisbol,stadium besbol|besbol
general,footballarena,sports,축구경기장|축구장|축구|월드컵경기장|월드컵,足球场|足球,football arena|soccer stadium|soccer|football,サッカー場|サッカー,stade de football|football,Fußballstadion|Fußball,estadio de fútbol|fútbol,estádio de futebol|futebol,sân bóng đá|bóng đá,สนามฟุตบอล|ฟุตบอล,stadion sepak bola|sepak bola,stadium bola sepak|bola sepak
general,bathhouse,sports,사우나|목욕탕|대중목욕탕|한증막,桑拿|澡堂|浴室|桑拿房,sauna|bathhouse|public bath,サウナ|銭湯,sauna|bain public,Sauna|Badehaus,sauna|baño público,sauna|banho público,phòng xông hơi|sauna,ซาวน่า|อาบน้ำสาธารณะ,sauna|pemandian umum,sauna|mandian awam
general,jimjilbang,sports,찜질방|한증막|불가마|황토방,汗蒸房|汗蒸|汗蒸幕,jjimjilbang|korean spa|sauna,チムジルバン|汗蒸幕,jjimjilbang|spa coréen,Jjimjilbang|koreanische Sauna,jjimjilbang|spa coreano,jjimjilbang|spa coreano,jjimjilbang|xông hơi Hàn Quốc,จิมจิลบัง|ชิมชิลบัง,jjimjilbang|sauna Korea,jjimjilbang|sauna Korea
general,museum,culture,박물관|국립박물관|전시관|기념관|역사관,博物馆|展览馆|纪念馆,museum|exhibition|memorial,博物館|美術館|記念館,musée|exposition|mémorial,Museum|Ausstellung|Gedenkstätte,museo|exposición|memorial,museu|exposição|memorial,bảo tàng|triển lãm,พิพิธภัณฑ์|นิทรรศการ,museum|pameran,muzium|pameran
general,artgallery,culture,미술관|갤러리|전시회|아트갤러리,美术馆|画廊|艺术馆,art gallery|gallery|art museum,美術館|ギャラリー,galerie d'art|galerie|musée d'art,Kunstgalerie|Galerie,galería de arte|galería,galeria de arte|galeria,phòng trưng bày nghệ thuật|gallery,แกลเลอรี่|หอศิลป์,galeri seni|galeri,galeri seni|galeri
general,library,culture,도서관|국립도서관|공공도서관,图书馆|公共图书馆,library|public library,図書館,bibliothèque,Bibliothek|Bücherei,biblioteca,biblioteca,thư viện,ห้องสมุด,perpustakaan,perpustakaan
general,temple,culture,사찰|절|불교|템플스테이|불국사|석굴암|해인사|통도사|송광사|수덕사|월정사|법주사|직지사|동화사|범어사|은해사|쌍계사|보주사|백양사|화엄사|선운사|내소사|금산사|귀신사|개암사|실상사|안국사|무위사|대흥사|미황사|관룡사|표충사|석남사|운문사|부석사|봉정사|고운사|용문사|신륵사|보문사|전등사|봉은사|조계사|화계사|진관사|삼막사|망해사|갑사|신원사|동학사|마곡사|관촉사|무량사|장곡사|보석사|송림사|용연사|파계사|불영사|용주사|칠장사|청룡사|회암사|자재암(제외)|흥국사|보광사|전등사|법륜사|건봉사|낙산사|백담사|신흥사|청평사|구룡사|상원사|정암사|보경사|오어사|직지사|기림사|불국사|분황사|고운사|부석사|봉정사|광덕사|영명사|연화사|보현사|안국사|운주사|태안사|천은사|쌍봉사|만복사|대원사|송광사|선암사|향일암(제외)|백운사|용궁사|약사사|연주사|용암사,寺庙|寺院|佛寺|庙|佛国寺|石窟庵|海印寺|通度寺|松广寺|修德寺|月精寺|法住寺|直指寺|桐华寺|梵鱼寺|银海寺|双磎寺|普州寺|白羊寺|华严寺|禅云寺|来苏寺|金山寺|归信寺|开岩寺|实相寺|安国寺|无위寺|大兴寺|美黄寺|观龙寺|表忠寺|石南寺|云门寺|浮石寺|凤停寺|孤云寺|龙门寺|神勒寺|普门寺|传灯寺|奉恩寺|曹溪寺|华溪寺|津宽寺|三幕寺|望海寺|甲寺|新元寺|东鹤寺|麻谷寺|灌烛寺|无量寺|长谷寺|宝石寺|松林寺|龙渊寺|把溪寺|佛影寺|龙珠寺|七长寺|青龙寺|桧岩寺|自在庵|兴国寺|普光寺|传灯寺|法轮寺|乾凤寺|洛山寺|百潭寺|新兴寺|清平寺|九龙寺|上院寺|净岩寺|宝镜寺|吾鱼寺|直指寺|祇林寺|佛国寺|芬皇寺|孤云寺|浮石寺|凤停寺|广德寺|永明寺|莲花寺|普贤寺|安国寺|云住寺|泰安寺|泉隐寺|双峰寺|万福寺|大源寺|松广寺|仙岩寺|向日庵|白云寺|龙宫寺|药师寺|演州寺|龙岩寺,temple|buddhist|temple|Bulguksa|Seokguram|Haeinsa|Tongdosa|Songgwangsa|Sudeoksa|Woljeongsa|Beopjusa|Jikjisa|Donghwasa|Beomeosa|Eunhaesa|Ssanggyesa|Bojusa|Baegyangsa|Hwaeomsa|Seonunsa|Naesosa|Geumsansa|Gwisinsa|Gaeamsa|Silsangsa|Anguksa|Muwisa|Daeheungsa|Mihwangsa|Gwallyongsa|Pyochungsa|Seognamsa|Unmunsa|Buseoksa|Bongjeongsa|Gounsa|Yongmunsa|Silleoksa|Bomunsa|Jeondeungsa|Bongeunsa|Jogyesa|Hwagyesa|Jingwansa|Sammagsa|Manghaesa|Gapsa|Sinwonsa|Donghaksa|Magoksa|Gwanchogsa|Muryangsa|Janggogsa|Boseogsa|Songrimsa|Yongyeonsa|Pagyesa|Bulyeongsa|Yongjusa|Chiljangsa|Cheongryongsa|Hoeamsa|Jajaeam|Heungguksa|Bogwangsa|Jeondeungsa|Beopnyunsa|Geonbongsa|Naksansa|Baekdamsa|Sinheungsa|Cheongpyeongsa|Guryongsa|Sangwonsa|Jeongamsa|Bogyeongsa|Oeosa|Jikjisa|Girimsa|Bulguksa|Bunhwangsa|Gounsa|Buseoksa|Bongjeongsa|Gwangdeogsa|Yeongmyeongsa|Yeonhwasa|Bohyeonsa|Anguksa|Unjusa|Taeansa|Cheoneunsa|Ssangbongsa|Manbogsa|Daewonsa|Songgwangsa|Seonamsa|Hyangiram|Baegunsa|Yonggungsa|Yagsasa|Yeonjusa|Yongamsa,寺|寺院|お寺|仏国寺|石窟庵|海印寺|通度寺|松広寺|修徳寺|月精寺|法住寺|直指寺|桐華寺|梵魚寺|銀海寺|双磎寺|普州寺|白羊寺|華厳寺|禅雲寺|来蘇寺|金山寺|帰信寺|開岩寺|実相寺|安国寺|無為寺|大興寺|美黄寺|観龍寺|表忠寺|石南寺|雲門寺|浮石寺|鳳停寺|孤雲寺|龍門寺|神勒寺|普門寺|伝灯寺|奉恩寺|曹溪寺|華溪寺|津寛寺|三幕寺|望海寺|甲寺|新元寺|東鶴寺|麻谷寺|灌燭寺|無量寺|長谷寺|宝石寺|松林寺|龍淵寺|把渓寺|仏影寺|龍珠寺|七長寺|青龍寺|桧岩寺|自在庵|興国寺|普光寺|伝灯寺|法輪寺|乾鳳寺|洛山寺|百潭寺|新興寺|清平寺|九龍寺|上院寺|浄岩寺|宝鏡寺|吾魚寺|直指寺|祇林寺|仏国寺|芬皇寺|孤雲寺|浮石寺|鳳停寺|広徳寺|永明寺|蓮華寺|普賢寺|安国寺|雲住寺|泰安寺|泉隠寺|双峰寺|万福寺|大源寺|松広寺|仙岩寺|向日庵|白雲寺|龍宮寺|薬師寺|演州寺|龍岩寺,temple|temple bouddhiste,Tempel|buddhistischer Tempel,templo|templo budista,templo|templo budista,chùa|đền,วัด|วิหาร,kuil|vihara|candi,kuil|tokong
general,church,culture,교회|성당|예배당|기독교|천주교,教会|教堂|礼拜堂,church|cathedral|chapel,教会|聖堂,église|cathédrale|chapelle,Kirche|Kathedrale|Kapelle,iglesia|catedral|capilla,igreja|catedral|capela,nhà thờ,โบสถ์|วิหาร,gereja|katedral,gereja|katedral
general,culturecenter,culture,문화센터|문화회관|문화원|아트센터,文化中心|文化馆|文化会馆,culture center|cultural center|arts center,文化センター|文化会館,centre culturel|maison de la culture,Kulturzentrum,centro cultural,centro cultural,trung tâm văn hóa,ศูนย์วัฒนธรรม,pusat budaya|pusat kebudayaan,pusat kebudayaan
general,traditional,culture,전통|전통체험|한복|다도|국악,传统|传统文化|韩服|茶道,traditional|traditional culture|hanbok,伝統|韓服|茶道,traditionnel|culture traditionnelle|hanbok,traditionell|traditionelle Kultur|Hanbok,tradicional|cultura tradicional|hanbok,tradicional|cultura tradicional|hanbok,truyền thống|hanbok|văn hóa truyền thống,ดั้งเดิม|ฮันบก|วัฒนธรรมดั้งเดิม,tradisional|hanbok|budaya tradisional,tradisional|hanbok|budaya tradisional
general,photographystudio,culture,포토스튜디오|사진관|사진|증명사진|포토,摄影工作室|照相馆|摄影|证件照,photo studio|photography|portrait,フォトスタジオ|写真館,studio photo|photographe,Fotostudio|Fotograf,estudio fotográfico|fotógrafo,estúdio fotográfico|fotógrafo,studio ảnh|tiệm chụp ảnh,สตูดิโอถ่ายรูป|ร้านถ่ายรูป,studio foto|fotografi,studio foto|jurugambar
general,school,education,학교|초등학교|중학교|고등학교,学校|小学|中学|高中,school|elementary|middle school|high school,学校|小学校|中学校|高校,école|école primaire|collège|lycée,Schule|Grundschule|Gymnasium,escuela|colegio|instituto,escola|colégio,trường học|trường tiểu học|trường trung học,โรงเรียน|โรงเรียนประถม|โรงเรียนมัธยม,sekolah|SD|SMP|SMA,sekolah|sekolah rendah|sekolah menengah
general,university,education,대학교|대학|대학원|캠퍼스,大学|大学校|研究生院,university|college|campus,大学|大学院|キャンパス,université|campus|faculté,Universität|Hochschule|Campus,universidad|campus|facultad,universidade|campus|faculdade,đại học|trường đại học,มหาวิทยาลัย|มหาลัย,universitas|kampus,universiti|kampus
general,academy,education,학원|어학원|입시학원|보습학원|과외,补习班|培训班|学院|辅导班,academy|cram school|tutoring|institute,塾|学院|語学学校,académie|cours privés|école de langues,Akademie|Nachhilfe|Sprachschule,academia|clases particulares,academia|cursinho|escola de idiomas,trung tâm dạy thêm|lớp học thêm,สถาบัน|โรงเรียนกวดวิชา,lembaga kursus|bimbel|les,akademi|tuisyen
general,drivingschool,education,운전면허학원|운전학원|면허시험|도로연수,驾校|驾照|驾驶学校,driving school|driving license|driving test,自動車教習所|運転免許,auto-école|permis de conduire,Fahrschule|Führerschein,autoescuela|licencia de conducir,autoescola|carteira de motorista,trường dạy lái xe|bằng lái,โรงเรียนสอนขับรถ|ใบขับขี่,sekolah mengemudi|SIM,sekolah memandu|lesen memandu
general,musicschool,education,음악학원|피아노학원|기타학원|음악교습소,音乐学院|钢琴班|吉他班|音乐培训,music school|music academy|piano lesson,音楽教室|ピアノ教室,école de musique|cours de piano,Musikschule|Klavierunterricht,escuela de música|clases de piano,escola de música|aulas de piano,trường âm nhạc|lớp học piano,โรงเรียนดนตรี|เรียนเปียโน,sekolah musik|les piano,sekolah muzik|kelas piano
general,policestation,publicservice,경찰서|경찰|지구대|파출소|112,警察局|警察|派出所|公安,police station|police|cop,警察署|交番,commissariat|police|gendarmerie,Polizeirevier|Polizei|Polizeistation,comisaría|policía|estación de policía,delegacia|polícia,đồn cảnh sát|công an,สถานีตำรวจ|ตำรวจ,kantor polisi|polisi,balai polis|polis
general,firestation,publicservice,소방서|소방|119|소방관,消防局|消防|消防站,fire station|fire department|firefighter,消防署|消防,caserne de pompiers|pompiers,Feuerwehr|Feuerwache,estación de bomberos|bomberos,corpo de bombeiros|bombeiros,trạm cứu hỏa|phòng cháy,สถานีดับเพลิง|นักดับเพลิง,stasiun pemadam kebakaran|damkar,balai bomba|bomba
general,cityhall,publicservice,시청|구청|군청|도청|시의회,市政厅|市政府|区政府,city hall|municipal|government office,市役所|区役所,mairie|hôtel de ville,Rathaus|Stadtverwaltung,ayuntamiento|municipalidad,prefeitura|câmara municipal,tòa thị chính|ủy ban nhân dân,ศาลาว่าการเมือง|สำนักงานเขต,balai kota|kantor walikota,dewan bandaraya|majlis perbandaran
general,communitycenter,publicservice,주민센터|동사무소|행정복지센터|민원,社区中心|居委会|街道办,community center|community service,住民センター|市民センター,centre communautaire|maison de quartier,Gemeindezentrum|Bürgeramt,centro comunitario|junta de vecinos,centro comunitário,trung tâm cộng đồng|ủy ban phường,ศูนย์ชุมชน,pusat komunitas|kelurahan,pusat komuniti
general,court,publicservice,법원|법정|재판소|가정법원,法院|法庭|法律,court|courthouse|tribunal,裁判所|法廷,tribunal|palais de justice,Gericht|Gerichtsgebäude,tribunal|juzgado,tribunal|fórum,tòa án,ศาล,pengadilan,mahkamah
general,immigration,publicservice,출입국|출입국관리사무소|비자|외국인등록|체류자격,出入境管理局|出入境|签证|外国人登录,immigration|visa office|immigration office,出入国管理|入管|ビザ,immigration|bureau d'immigration|visa,Einwanderungsbehörde|Ausländerbehörde|Visum,inmigración|oficina de inmigración|visa,imigração|escritório de imigração|visto,cục xuất nhập cảnh|visa|thị thực,สำนักงานตรวจคนเข้าเมือง|ตม.|วีซ่า,imigrasi|kantor imigrasi|visa,imigresen|pejabat imigresen|visa
general,postoffice,publicservice,우체국|우편|택배|등기|소포,邮局|邮政|邮件|包裹,post office|mail|postal,郵便局|郵便,bureau de poste|poste|courrier,Postamt|Post,oficina de correos|correos,correios|agência dos correios,bưu điện,ไปรษณีย์|ที่ทำการไปรษณีย์,kantor pos|pos,pejabat pos|pos
general,tourinfo,publicservice,여행정보|관광안내소|관광|여행안내|투어,旅游信息中心|旅游|游客中心|旅游咨询,tourist info|tourism|visitor center|tour,観光案内所|観光|ツアー,office de tourisme|information touristique,Touristeninformation|Fremdenverkehrsamt,oficina de turismo|información turística,centro de informação turística|turismo,trung tâm du lịch|thông tin du lịch,ศูนย์ข้อมูลนักท่องเที่ยว|ข้อมูลการท่องเที่ยว,pusat informasi turis|wisata,pusat pelancongan|maklumat pelancong
general,bank,lifestyle,은행|ATM|환전|송금|KB|신한|우리|하나|국민,银行|ATM|换钱|汇款,bank|ATM|money exchange|transfer,銀行|ATM|両替,banque|ATM|change,Bank|ATM|Geldwechsel,banco|cajero|cambio de moneda,banco|caixa eletrônico|câmbio,ngân hàng|ATM|đổi tiền,ธนาคาร|ตู้เอทีเอ็ม|แลกเงิน,bank|ATM|tukar uang,bank|ATM|tukar wang
general,realestateagency,lifestyle,부동산|공인중개사|원룸|오피스텔|아파트|전세|월세,房产中介|房屋中介|租房|买房,real estate|realtor|apartment|rental,不動産|不動産屋,agence immobilière|immobilier|appartement,Immobilienagentur|Immobilien|Wohnung,agencia inmobiliaria|inmobiliaria|apartamento,imobiliária|apartamento|aluguel,bất động sản|thuê nhà|căn hộ,อสังหาริมทรัพย์|เช่าบ้าน|อพาร์ทเมนต์,agen properti|sewa rumah|apartemen,agensi hartanah|sewa rumah|apartmen
general,insuranceagency,lifestyle,보험사|보험|생명보험|자동차보험|실비보험,保险公司|保险|人寿保险|车险,insurance|insurance agency|policy,保険会社|保険,assurance|agence d'assurance,Versicherung|Versicherungsagentur,seguros|agencia de seguros,seguro|agência de seguros,bảo hiểm|công ty bảo hiểm,ประกันภัย|บริษัทประกัน,asuransi|perusahaan asuransi,insurans|syarikat insurans
general,travelagency,lifestyle,여행사|투어|패키지여행|자유여행,旅行社|旅游社|旅行,travel agency|travel agent|tour agency,旅行会社|旅行社,agence de voyage|voyage,Reisebüro|Reiseagentur,agencia de viajes|viaje,agência de viagens|viagem,công ty du lịch|đại lý du lịch,บริษัทท่องเที่ยว|ทัวร์,agen perjalanan|biro wisata,agensi pelancongan|biro pelancongan
general,movingcompany,lifestyle,이삿짐센터|이사|포장이사|용달,搬家公司|搬家|搬运,moving company|movers|relocation,引越し|引っ越し業者,déménagement|entreprise de déménagement,Umzugsunternehmen|Umzug,empresa de mudanzas|mudanza,empresa de mudanças|mudança,dịch vụ chuyển nhà|chuyển nhà,บริการขนย้าย|ย้ายบ้าน,jasa pindahan|pindah rumah,syarikat pindah rumah|pindah rumah
general,courier,lifestyle,택배|배달|배송|CJ대한통운|로젠|한진,快递|快递员|配送|包裹,courier|delivery|package|parcel,宅配|配達|宅急便,coursier|livraison|colis,Kurier|Lieferung|Paket,mensajería|paquetería|envío,correio|entrega|encomenda,chuyển phát nhanh|giao hàng|bưu kiện,ส่งพัสดุ|จัดส่ง|พัสดุ,kurir|pengiriman|paket,kurier|penghantaran|bungkusan
general,drycleaner,lifestyle,세탁소|드라이클리닝|세탁|다림질,干洗店|洗衣店|干洗,dry cleaner|laundry|dry cleaning,クリーニング|ドライクリーニング,pressing|nettoyage à sec|blanchisserie,Reinigung|chemische Reinigung,tintorería|limpieza en seco,lavanderia|limpeza a seco,tiệm giặt khô|giặt là,ร้านซักแห้ง|ซักรีด,laundry|dry cleaning|cuci kering,dobi|cucian kering
general,coinlaundry,lifestyle,코인세탁소|코인빨래방|셀프빨래,自助洗衣店|自助洗衣|投币洗衣,coin laundry|laundromat|self laundry,コインランドリー,laverie automatique|laverie,Waschsalon|Münzwäscherei,lavandería automática|lavandería,lavanderia self-service,giặt tự động|tiệm giặt đồ,ร้านซักผ้าหยอดเหรียญ,laundry koin|laundry self-service,dobi layan diri
general,carrepair,lifestyle,자동차수리|카센터|정비소|오토바이수리,汽车修理|汽修|修车|4S店,car repair|auto repair|mechanic|garage,自動車修理|カーサービス,garage|réparation automobile|mécanicien,Autowerkstatt|Kfz-Werkstatt|Mechaniker,taller mecánico|mecánico,oficina mecânica|mecânico,sửa xe|garage|tiệm sửa ô tô,ร้านซ่อมรถ|อู่ซ่อมรถ,bengkel mobil|bengkel,bengkel kereta|bengkel
general,carwash,lifestyle,세차|세차장|자동세차|손세차,洗车|洗车店|汽车美容,car wash|auto wash,洗車|洗車場,lavage auto|station de lavage,Autowaschanlage|Autowäsche,lavado de autos|autolavado,lava-rápido|lava-jato,rửa xe,ล้างรถ|คาร์แวช,cuci mobil,cuci kereta
general,repairshop,lifestyle,수리점|수리|수선|AS센터|서비스센터,维修店|维修|修理|售后,repair shop|fix|service center,修理店|修理,réparation|service après-vente,Reparaturwerkstatt|Reparatur,taller de reparación|reparación,oficina de reparo|conserto,tiệm sửa chữa|sửa chữa,ร้านซ่อม|ศูนย์บริการ,toko reparasi|service center,kedai baiki|pusat servis
general,beach,nature,해수욕장|바닷가|해변|비치,海水浴场|海滩|沙滩,beach|seaside|shore,ビーチ|海水浴場|海辺,plage|bord de mer,Strand|Badestrand,playa|costa,praia,bãi biển|biển,ชายหาด|หาดทราย|ทะเล,pantai,pantai
general,mountain,nature,등산|산|등산로|트레킹|하이킹|둘레길|국립공원|등반|가리산|가야산|가지산|감악산|강천산|마니산|계룡산|계방산|공작산|관악산|광교산|구병산|금강산|금당산|금산|금수산|금오산|금정산|깃대봉|남산|내장산|대둔산|대모산|대암산|대운산|덕숭산|덕유산|덕항산|도락산|도봉산|동악산|두륜산|두타산|마이산|만복대|망경대|명지산|모악산|무등산|무학산|미륵산|민주지산|바래봉|방태산|백덕산|백운산|북한산|비슬산|비로봉|사패산|삼악산|서대산|선운산|설악산|성인봉|소백산|소요산|속리산|신불산|아차산|연화산|오대산|오서산|오봉산|용문산|용화산|유명산|응봉산|월악산|월출산|운문산|운악산|운장산|유달산|이기대|인왕산|일출봉|자굴산|장안산|재약산|적상산|점봉산|제암산|조계산|주왕산|주흘산|지리산|지룡산|천관산|천마산|천성산|천태산|청량산|치악산|칠갑산|팔공산|한라산|화악산|화왕산|황매산|황악산|희양산|가리봉|가리왕산|가야산(충남)|거문오름|검단산|고근산|고대산|고려산|광덕산|구봉산|금대봉|금원산|기백산|남덕유산|남산제일봉|남한산|내연산|노인봉|노추산|단산|달마산|대야산|대왕산|대중산|덕룡산|도솔봉|동두미오름|두럭산|두위봉|만경대|만뢰산|명성산|모슬봉|묘산봉|무악|문도지오름|물영아리|민둥산|바구미오름|바다산|발왕산|방장산|방장산(장성)|백암산|백암산(홍천)|백운산(정선)|백적산|변산|별유산|보현산|봉래산|봉황산|불암산|비양봉|비파산|사량도지리산|산방산|상원산|서걸세|석병산|선자령|성거산|성수산|수도산|수락산|수리산|수지산|연인산|영실|영주산|오대산노인봉|오봉산(춘천)|용눈이오름|용암봉|웅석봉|월봉산|응봉산(삼척)|응복산|장산|장함산|저지오름|조령산|청옥산|축령산|태백산|태화산|팔봉산|함백산|황장산|황석산,登山|山|徒步|爬山,mountain|hiking|trekking|trail,登山|山|ハイキング,montagne|randonnée|trekking,Berg|Wandern|Trekking,montaña|senderismo|trekking,montanha|trilha|trekking,núi|leo núi|đi bộ đường dài,ภูเขา|เดินป่า|เทรคกิ้ง,gunung|mendaki|trekking,gunung|mendaki|trekking
general,park,nature,공원|산책|도시공원|생태공원,公园|散步|城市公园,park|garden|green space,公園|パーク,parc|jardin public,Park|Stadtpark,parque|jardín,parque|jardim,công viên,สวนสาธารณะ|สวน,taman,taman
general,hanriver,nature,한강시민공원|한강|한강공원|한강둔치,汉江市民公园|汉江|汉江公园,han river|hangang|han river park,漢江|漢江公園,rivière Han|parc du fleuve Han,Han-Fluss|Han-Fluss-Park,río Han|parque del río Han,rio Han|parque do rio Han,sông Hán|công viên sông Hán,แม่น้ำฮัน|สวนริมแม่น้ำฮัน,sungai Han|taman sungai Han,sungai Han|taman sungai Han
landmark,hongdae,,홍대|홍대입구|홍익대,弘大|弘大入口,hongdae,ホンデ,,,,,,,,
landmark,Myeongdong,,명동|노점,明洞,myeongdong,ミョンドン|明洞,,,,,,,,
landmark,Gangnam,,강남|강남역|강남구,江南|江南站,gangnam,カンナム|江南,,,,,,,,
landmark,Seongsudong,,성수동|성수,圣水洞|圣水,seongsu,ソンスドン,,,,,,,,
landmark,Seongsudongcafe,,성수동 카페|성수카페거리,圣水洞咖啡厅|圣水洞咖啡,seongsu cafe,ソンスドンカフェ,,,,,,,,
landmark,Gyeongbokgung,,경복궁,景福宫,gyeongbokgung,景福宮|キョンボックン,,,,,,,,
landmark,Seoultower,,서울타워|남산타워|N서울타워,首尔塔|南山塔|N首尔塔,seoul tower|namsan tower|n seoul tower,ソウルタワー|南山タワー,,,,,,,,
landmark,Seochon,,서촌|세종마을,西村|世宗村,seochon,ソチョン,,,,,,,,
landmark,Ikseondong,,익선동|익선동 한옥거리,益善洞|益善洞韩屋街,ikseondong,イクソンドン,,,,,,,,
landmark,Yongridan-gil,,용리단길|용산,龙理团路|龙山,yongridan-gil|yongsan,ヨンリダンギル,,,,,,,,
landmark,Euljiro,,을지로|힙지로,乙支路,euljiro,ウルチロ,,,,,,,,
landmark,Banpo,,반포|반포한강공원|반포대교|달빛무지개분수,盘浦|盘浦汉江公园|盘浦大桥,banpo|banpo bridge,パンポ,,,,,,,,
landmark,Yeontral Park,,연남동|연남동 숲길|연트럴파크,延南洞|延南洞林荫路,yeonnam-dong|yeontral park,ヨンナムドン,,,,,,,,
landmark,Bukchon Hanok,,북촌|북촌한옥마을|한옥마을,北村|北村韩屋村,bukchon|bukchon hanok,ブクチョン|北村,,,,,,,,
landmark,Gilsangsa Temple,,길상사|성북동 길상사,吉祥寺|城北洞吉祥寺,gilsangsa,キルサンサ,,,,,,,,
landmark,Gyeongnidan-gil,,경리단길|이태원 경리단길,经理团路|梨泰院经理团路,gyeongnidan-gil,キョンリダンギル,,,,,,,,
landmark,Dongdaemun Design Plaza,,DDP|동대문디자인플라자|디자인플라자,东大门设计广场|DDP,ddp|dongdaemun design plaza,DDP|東大門デザインプラザ,,,,,,,,
landmark,Naksan Park,,낙산공원|낙산,骆山公园|骆山,naksan park|naksan,ナクサン公園,,,,,,,,
landmark,Seokchon Lake,,석촌호수|잠실 석촌호수,石村湖|蚕室石村湖,seokchon lake,ソクチョン湖,,,,,,,,
landmark,Mullae Art Village,,문래 창작촌|문래동|문래,文来创作村|文来,mullae|mullae art village,ムルレ,,,,,,,,
landmark,Seodaemun Prison,,서대문 형무소|서대문형무소역사관,西大门刑务所|西大门刑务所历史馆,seodaemun prison,西大門刑務所,,,,,,,,
landmark,Namsangol Hanok,,남산골 한옥마을|남산골|한옥마을,南山谷韩屋村|南山谷,namsangol hanok,南山谷韓屋村,,,,,,,,
landmark,Sinsa-dong Garosu-gil,,가로수길|신사동 가로수길|신사동,林荫路|新沙洞林荫路|新沙洞,garosu-gil|sinsa-dong,カロスギル|新沙洞,,,,,,,,
landmark,Children Grand Park,,어린이대공원,儿童大公园,children grand park,こどもの大公園,,,,,,,,
landmark,gamcheon,,감천문화마을|감천,甘川文化村|甘川,gamcheon,甘川文化村,,,,,,,,
landmark,Yongdusan,,용두산공원|용두산,龙头山公园|龙头山,yongdusan,龍頭山,,,,,,,,
landmark,Yonggung Temple,,해동용궁사,海东龙宫寺,haedong yonggungsa|yonggung temple,海東龍宮寺,,,,,,,,
landmark,Songdo Bay Cable,,송도 베이케이블카|송도케이블카,松岛湾缆车|松岛缆车,songdo cable car,松島ケーブルカー,,,,,,,,
landmark,Yeongdo Huinyeoul Culture,,흰여울문화마을|흰여울,白浅滩文化村|影岛白浅滩,huinyeoul,ヒニョウル,,,,,,,,
landmark,Jeonpo Cafe Street,,전포카페거리|전포|서면,田浦咖啡街|田浦|西面,jeonpo cafe street|jeonpo,チョンポ,,,,,,,,
landmark,Oryukdo Skywalk,,오륙도 스카이워크|오륙도,五六岛天空步道|五六岛,oryukdo skywalk|oryukdo,五六島スカイウォーク,,,,,,,,
landmark,1100highland,,1100고지|천백고지,1100高地|千百高地,1100 highland,1100高地,,,,,,,,
landmark,hallamountain,,한라산|성판악|일출봉|국립공원,汉拿山,hallasan|halla mountain,漢拏山|ハルラサン,,,,,,,,
landmark,seongsanIlchulbong,,성산일출봉|일출봉,城山日出峰|日出峰,seongsan ilchulbong|sunrise peak,城山日出峰,,,,,,,,
landmark,Jungmun,,중문관광단지|중문|중문해수욕장,中文旅游区|中文,jungmun|jungmun resort,中文,,,,,,,,
landmark,dongmunmarket,,동문시장|동문,东门市场|东门,dongmun market,東門市場,,,,,,,,
landmark,yongduam,,용두암|주차장|용두암주차장,龙头岩,yongduam|dragon head rock,龍頭岩,,,,,,,,
landmark,tapdong,,탑동,塔洞,tapdong,タプトン,,,,,,,,
landmark,Guryongpo,,구룡포|포항 구룡포,九龙浦|浦项九龙浦,guryongpo,九龍浦,,,,,,,,
landmark,Hanbyeokdang,,한벽당터널|전주 한벽당,寒碧堂隧道|全州寒碧堂,hanbyeokdang,寒碧堂,,,,,,,,
landmark,Haenggung-dong,,행궁동|수원 행궁동|수원화성,行宫洞|水原行宫洞,haenggung-dong|suwon,行宮洞,,,,,,,,
landmark,Yeongjin,,영진해변|강릉 영진,永进海边|江陵永进,yeongjin beach|gangneung,ヨンジン,,,,,,,,
landmark,Nami Island,,남이섬|남이|유원지|메타세쿼이아|메타세쿼이아길|중앙 잣나무길|겨울연가 첫 키스,南怡岛|南怡|冬季恋歌|水杉路|自行车,nami island|nami|winter sonata|metasequoia lane|bicycle,ナミソム|南怡島|冬のソナタ|メタセコイア,île Nami|Nami|chanson d'hiver|séquoia,Nami Insel|Nami|Wintersonate|Metasequoia,isla Nami|Nami|canción de invierno,ilha Nami|Nami|canção de inverno,đảo Nami|Nami|bản tình ca mùa đông,เกาะนามิ|นามิ|เพลงรักในสายลมหนาว,pulau Nami|Nami|winter sonata,pulau Nami|Nami|winter sonata
landmark,Petite France,,쁘띠프랑스|쁘띠 프랑스,小法兰西|小法国|法国村,petite france|french village|little prince,プチフランス|フランス村|星の王子さま,Petite France|village français|Petit Prince,Petite France|französisches Dorf|kleiner Prinz,Petite France|pueblo francés|principito,Petite France|aldeia francesa|pequeno príncipe,Petite France|làng Pháp|hoàng tử bé,เปอตีฟรองซ์|หมู่บ้านฝรั่งเศส|เจ้าชายน้อย,Petite France|desa Perancis|pangeran kecil,Petite France|kampung Perancis|putera kecil
landmark,The Garden of Morning Calm,,아침고요수목원|아침 고요 수목원|수목원,晨静树木园|树木园|花园,garden of morning calm|arboretum|botanical garden,アチムゴヨ樹木園|樹木園|植物園,jardin du matin calme|arboretum|jardin botanique,Garten der Morgenstille|Arboretum|botanischer Garten,jardín de la calma matutina|arboreto|jardín botánico,jardim da calma matinal|arboreto|jardim botânico,vườn bình yên buổi sáng|vườn cây|vườn thực vật,สวนความสงบยามเช้า|สวนพฤกษศาสตร์,taman ketenangan pagi|arboretum|kebun raya,taman ketenangan pagi|arboretum|taman botani
landmark,Changdeokgung Palace,,창덕궁|고궁|궁궐,昌德宫|古宫|宫殿|后苑|秘苑|月光之旅,changdeokgung|palace|secret garden|huwon|moonlight tour,昌徳宮|古宮|宮殿|後苑|秘苑|月光ツアー,Changdeokgung|palais|jardin secret|cour royale,Changdeokgung|Palast|geheimer Garten|Königshof,Changdeokgung|palacio|jardín secreto|corte real,Changdeokgung|palácio|jardim secreto|corte real,Changdeokgung|cung điện|vườn bí mật|hoàng cung,ชางด็อกกุง|พระราชวัง|สวนลับ|ทัวร์แสงจันทร์,Changdeokgung|istana|taman rahasia|kerajaan,Changdeokgung|istana|taman rahsia|kerajaan
landmark,Deoksugung Palace,,고궁|덕수궁|궁궐,德寿宫|古宫|宫殿|石造殿|石墙路|守门将换岗,deoksugung|palace|stone wall path|guard changing|seokjojeon,徳寿宮|古宮|宮殿|石造殿|石垣の道|守門将交代,Deoksugung|palais|chemin du mur de pierre|relève de la garde,Deoksugung|Palast|Steinmauerweg|Wachablösung,Deoksugung|palacio|camino del muro de piedra|cambio de guardia,Deoksugung|palácio|caminho do muro de pedra|troca da guarda,Deoksugung|cung điện|con đường tường đá|đổi gác,ท็อกซูกุง|พระราชวัง|ทางเดินกำแพงหิน|เปลี่ยนเวรยาม,Deoksugung|istana|jalan tembok batu|pergantian penjaga,Deoksugung|istana|laluan dinding batu|pertukaran pengawal
landmark,Bulguksa Temple,,불국사|사찰|절,佛国寺|寺庙|多宝塔|释迦塔|石窟庵|UNESCO,bulguksa|temple|dabotap|seokgatap|UNESCO|world heritage,仏国寺|寺院|多宝塔|釈迦塔|UNESCO|世界遺産,Bulguksa|temple|patrimoine mondial|UNESCO,Bulguksa|Tempel|Weltkulturerbe|UNESCO,Bulguksa|templo|patrimonio mundial|UNESCO,Bulguksa|templo|patrimônio mundial|UNESCO,Bulguksa|chùa|di sản thế giới|UNESCO,พุลกุกซา|วัด|มรดกโลก|ยูเนสโก,Bulguksa|kuil|warisan dunia|UNESCO,Bulguksa|kuil|warisan dunia|UNESCO
landmark,Seokguram Grotto,,석굴암,石窟庵|石窟|佛像|吐含山|日出,seokguram|grotto|buddha statue|tohamsan|sunrise,石窟庵|石窟|仏像|吐含山|日の出,Seokguram|grotte|statue de Bouddha|lever de soleil,Seokguram|Grotte|Buddha-Statue|Sonnenaufgang,Seokguram|gruta|estatua de Buda|amanecer,Seokguram|gruta|estátua de Buda|nascer do sol,Seokguram|hang đá|tượng Phật|bình minh,ซ็อกกูรัม|ถ้ำ|พระพุทธรูป|พระอาทิตย์ขึ้น,Seokguram|gua|patung Buddha|matahari terbit,Seokguram|gua|patung Buddha|matahari terbit
landmark,Andong Hahoe Village,,안동 하회마을|하회마을,安东河回村|河回村|假面舞|传统村落|韩屋,andong hahoe|hahoe village|mask dance|traditional village,安東河回村|河回村|仮面舞|伝統村|韓屋,Andong Hahoe|village Hahoe|danse de masque|village traditionnel,Andong Hahoe|Hahoe Dorf|Maskentanz|traditionelles Dorf,Andong Hahoe|aldea Hahoe|danza de máscaras|aldea tradicional,Andong Hahoe|aldeia Hahoe|dança de máscaras|aldeia tradicional,Andong Hahoe|làng Hahoe|múa mặt nạ|làng truyền thống,อันดงฮาฮเว|หมู่บ้านฮาฮเว|ระบำหน้ากาก|หมู่บ้านโบราณ,Andong Hahoe|desa Hahoe|tari topeng|desa tradisional,Andong Hahoe|kampung Hahoe|tarian topeng|kampung tradisional
landmark,Jeonju Hanok Village,,한옥마을,全州韩屋村|韩屋村|拌饭|韩服|全州,jeonju hanok village|hanok|bibimbap|hanbok|jeonju,全州韓屋村|韓屋村|ビビンバ|韓服|全州,village Hanok de Jeonju|hanok|bibimbap|hanbok,Jeonju Hanok-Dorf|Hanok|Bibimbap|Hanbok,aldea Hanok de Jeonju|hanok|bibimbap|hanbok,aldeia Hanok de Jeonju|hanok|bibimbap|hanbok,làng Hanok Jeonju|hanok|bibimbap|hanbok,หมู่บ้านฮานกจอนจู|ฮานก|บิบิมบับ|ฮันบก,desa Hanok Jeonju|hanok|bibimbap|hanbok,kampung Hanok Jeonju|hanok|bibimbap|hanbok
landmark,Suwon Hwaseong,,수원화성|수원 화성|장안문|수원 남문,水原华城|华城|长安门|华虹门|行宫|世界遗产,suwon hwaseong|hwaseong fortress|janganmun|haenggung|UNESCO,水原華城|華城|長安門|華虹門|行宮|世界遺産,Suwon Hwaseong|forteresse|Janganmun|patrimoine mondial,Suwon Hwaseong|Festung|Janganmun|Weltkulturerbe,Suwon Hwaseong|fortaleza|Janganmun|patrimonio mundial,Suwon Hwaseong|fortaleza|Janganmun|patrimônio mundial,Suwon Hwaseong|thành trì|Janganmun|di sản thế giới,ซูวอนฮวาซอง|ป้อมปราการ|จังอันมุน|มรดกโลก,Suwon Hwaseong|benteng|Janganmun|warisan dunia,Suwon Hwaseong|kubu|Janganmun|warisan dunia
landmark,Haeinsa Temple,,해인사|사찰|절,海印寺|寺庙|八万大藏经|大藏经|世界遗产,haeinsa|temple|tripitaka koreana|UNESCO|world heritage,海印寺|寺院|八万大蔵経|大蔵経|世界遺産,Haeinsa|temple|Tripitaka Koreana|patrimoine mondial,Haeinsa|Tempel|Tripitaka Koreana|Weltkulturerbe,Haeinsa|templo|Tripitaka Koreana|patrimonio mundial,Haeinsa|templo|Tripitaka Koreana|patrimônio mundial,Haeinsa|chùa|Đại Tạng Kinh|di sản thế giới,แฮอินซา|วัด|พระไตรปิฎกเกาหลี|มรดกโลก,Haeinsa|kuil|Tripitaka Koreana|warisan dunia,Haeinsa|kuil|Tripitaka Koreana|warisan dunia
landmark,Buseoksa Temple,,부석사|사찰|절,浮石寺|寺庙|无量寿殿|浮石传说|安养楼,buseoksa|temple|muryangsujeon|floating rock|anyangnu,浮石寺|寺院|無量寿殿|浮石伝説|安養楼,Buseoksa|temple|roche flottante|Muryangsujeon,Buseoksa|Tempel|schwebender Fels|Muryangsujeon,Buseoksa|templo|roca flotante|Muryangsujeon,Buseoksa|templo|rocha flutuante|Muryangsujeon,Buseoksa|chùa|tảng đá bay|Muryangsujeon,พูซ็อกซา|วัด|หินลอย|มูรยังซูจ็อน,Buseoksa|kuil|batu melayang|Muryangsujeon,Buseoksa|kuil|batu terapung|Muryangsujeon
landmark,Namhansanseong,,남한산성|산성|남한산,南汉山城|山城|行宫|世界遗产|城墙路,namhansanseong|mountain fortress|haenggung|UNESCO|trail,南漢山城|山城|行宮|世界遺産|城壁,Namhansanseong|forteresse de montagne|patrimoine mondial,Namhansanseong|Bergfestung|Weltkulturerbe,Namhansanseong|fortaleza de montaña|patrimonio mundial,Namhansanseong|fortaleza de montanha|patrimônio mundial,Namhansanseong|thành trì núi|di sản thế giới,นัมฮันซันซอง|ป้อมปราการบนภูเขา|มรดกโลก,Namhansanseong|benteng gunung|warisan dunia,Namhansanseong|kubu gunung|warisan dunia
landmark,Independence Hall,,독립기념관|독립운동 기념|기념관,独立纪念馆|纪念馆|独立运动|三一运动,independence hall|memorial|independence movement|march 1st,独立記念館|記念館|独立運動|三一運動,hall de l'Indépendance|mémorial|mouvement d'indépendance,Unabhängigkeitshalle|Gedenkstätte|Unabhängigkeitsbewegung,Salón de la Independencia|memorial|movimiento de independencia,Salão da Independência|memorial|movimento de independência,nhà tưởng niệm Độc lập|tưởng niệm|phong trào độc lập,หอประกาศอิสรภาพ|อนุสรณ์สถาน|ขบวนการเอกราช,Balai Kemerdekaan|memorial|gerakan kemerdekaan,Dewan Kemerdekaan|memorial|gerakan kemerdekaan
landmark,Beopjusa Temple,,법주사|사찰|절,法住寺|寺庙|弥勒佛|八相殿|俗离山,beopjusa|temple|maitreya|palsangjeon|songnisan,法住寺|寺院|弥勒仏|八相殿|俗離山,Beopjusa|temple|Maitreya|Palsangjeon|Songnisan,Beopjusa|Tempel|Maitreya|Palsangjeon|Songnisan,Beopjusa|templo|Maitreya|Palsangjeon|Songnisan,Beopjusa|templo|Maitreya|Palsangjeon|Songnisan,Beopjusa|chùa|Maitreya|Palsangjeon|Songnisan,พ็อบจูซา|วัด|พระศรีอริยเมตไตรย์|พัลซังจ็อน|ซงนีซัน,Beopjusa|kuil|Maitreya|Palsangjeon|Songnisan,Beopjusa|kuil|Maitreya|Palsangjeon|Songnisan
landmark,HiKR GROUND,,JYP|YG|기획사|FNC|SM|STARSHIP|스타쉽|FNC|K-POP|drama|k-팝|cn-enm|kspo dome|연예인맛집|celebrity restaurant|방송국|KBS|MBC|BROAD CAST|K-TOWN|K-타운,K-POP|韩流|经纪公司|偶像|练习生|应援|演唱会|出道|粉丝见面会|签名会,K-pop|hallyu|agency|idol|trainee|fan support|concert|debut|fan meeting|fansign,K-POP|韓流|事務所|アイドル|練習生|応援|コンサート|デビュー|ファンミーティング,K-pop|hallyu|agence|idole|stagiaire|concert|fan meeting,K-Pop|Hallyu|Agentur|Idol|Trainee|Konzert|Fan-Meeting,K-pop|hallyu|agencia|ídolo|aprendiz|concierto|fan meeting,K-pop|hallyu|agência|ídolo|trainee|concerto|fan meeting,K-pop|hallyu|công ty giải trí|thần tượng|thực tập sinh|concert|fan meeting,เคป็อป|ฮัลยู|ค่ายเพลง|ไอดอล|เด็กฝึก|คอนเสิร์ต|แฟนมีตติ้ง,K-pop|hallyu|agensi|idol|trainee|konser|fan meeting,K-pop|hallyu|agensi|idol|pelatih|konsert|fan meeting
landmark,HYBE Insight,,JYP|YG|기획사|FNC|SM|STARSHIP|스타쉽|FNC|K-POP|drama|k-팝|cn-enm|kspo dome|연예인맛집|celebrity restaurant|방송국|KBS|MBC|BROAD CAST|K-TOWN|K-타운,K-POP|韩流|经纪公司|偶像|练习生|应援|演唱会|出道|粉丝见面会|签名会,K-pop|hallyu|agency|idol|trainee|fan support|concert|debut|fan meeting|fansign,K-POP|韓流|事務所|アイドル|練習生|応援|コンサート|デビュー|ファンミーティング,K-pop|hallyu|agence|idole|stagiaire|concert|fan meeting,K-Pop|Hallyu|Agentur|Idol|Trainee|Konzert|Fan-Meeting,K-pop|hallyu|agencia|ídolo|aprendiz|concierto|fan meeting,K-pop|hallyu|agência|ídolo|trainee|concerto|fan meeting,K-pop|hallyu|công ty giải trí|thần tượng|thực tập sinh|concert|fan meeting,เคป็อป|ฮัลยู|ค่ายเพลง|ไอดอล|เด็กฝึก|คอนเสิร์ต|แฟนมีตติ้ง,K-pop|hallyu|agensi|idol|trainee|konser|fan meeting,K-pop|hallyu|agensi|idol|pelatih|konsert|fan meeting
landmark,SM Entertainment,,JYP|YG|기획사|FNC|SM|STARSHIP|스타쉽|FNC|K-POP|drama|k-팝|cn-enm|kspo dome|연예인맛집|celebrity restaurant|방송국|KBS|MBC|BROAD CAST|K-TOWN|K-타운,K-POP|韩流|经纪公司|偶像|练习生|应援|演唱会|出道|粉丝见面会|签名会,K-pop|hallyu|agency|idol|trainee|fan support|concert|debut|fan meeting|fansign,K-POP|韓流|事務所|アイドル|練習生|応援|コンサート|デビュー|ファンミーティング,K-pop|hallyu|agence|idole|stagiaire|concert|fan meeting,K-Pop|Hallyu|Agentur|Idol|Trainee|Konzert|Fan-Meeting,K-pop|hallyu|agencia|ídolo|aprendiz|concierto|fan meeting,K-pop|hallyu|agência|ídolo|trainee|concerto|fan meeting,K-pop|hallyu|công ty giải trí|thần tượng|thực tập sinh|concert|fan meeting,เคป็อป|ฮัลยู|ค่ายเพลง|ไอดอล|เด็กฝึก|คอนเสิร์ต|แฟนมีตติ้ง,K-pop|hallyu|agensi|idol|trainee|konser|fan meeting,K-pop|hallyu|agensi|idol|pelatih|konsert|fan meeting
landmark,JYP Entertainment,,JYP|YG|기획사|FNC|SM|STARSHIP|스타쉽|FNC|K-POP|drama|k-팝|cn-enm|kspo dome|연예인맛집|celebrity restaurant|방송국|KBS|MBC|BROAD CAST|K-TOWN|K-타운,K-POP|韩流|经纪公司|偶像|练习生|应援|演唱会|出道|粉丝见面会|签名会,K-pop|hallyu|agency|idol|trainee|fan support|concert|debut|fan meeting|fansign,K-POP|韓流|事務所|アイドル|練習生|応援|コンサート|デビュー|ファンミーティング,K-pop|hallyu|agence|idole|stagiaire|concert|fan meeting,K-Pop|Hallyu|Agentur|Idol|Trainee|Konzert|Fan-Meeting,K-pop|hallyu|agencia|ídolo|aprendiz|concierto|fan meeting,K-pop|hallyu|agência|ídolo|trainee|concerto|fan meeting,K-pop|hallyu|công ty giải trí|thần tượng|thực tập sinh|concert|fan meeting,เคป็อป|ฮัลยู|ค่ายเพลง|ไอดอล|เด็กฝึก|คอนเสิร์ต|แฟนมีตติ้ง,K-pop|hallyu|agensi|idol|trainee|konser|fan meeting,K-pop|hallyu|agensi|idol|pelatih|konsert|fan meeting
landmark,K-Pop Agency Tour,,JYP|YG|기획사|FNC|SM|STARSHIP|스타쉽|FNC|K-POP|drama|k-팝|cn-enm|kspo dome|연예인맛집|celebrity restaurant|방송국|KBS|MBC|BROAD CAST|K-TOWN|K-타운,K-POP|韩流|经纪公司|偶像|练习生|应援|演唱会|出道|粉丝见面会|签名会,K-pop|hallyu|agency|idol|trainee|fan support|concert|debut|fan meeting|fansign,K-POP|韓流|事務所|アイドル|練習生|応援|コンサート|デビュー|ファンミーティング,K-pop|hallyu|agence|idole|stagiaire|concert|fan meeting,K-Pop|Hallyu|Agentur|Idol|Trainee|Konzert|Fan-Meeting,K-pop|hallyu|agencia|ídolo|aprendiz|concierto|fan meeting,K-pop|hallyu|agência|ídolo|trainee|concerto|fan meeting,K-pop|hallyu|công ty giải trí|thần tượng|thực tập sinh|concert|fan meeting,เคป็อป|ฮัลยู|ค่ายเพลง|ไอดอล|เด็กฝึก|คอนเสิร์ต|แฟนมีตติ้ง,K-pop|hallyu|agensi|idol|trainee|konser|fan meeting,K-pop|hallyu|agensi|idol|pelatih|konsert|fan meeting
landmark,YG Entertainment,,JYP|YG|기획사|FNC|SM|STARSHIP|스타쉽|FNC|K-POP|drama|k-팝|cn-enm|kspo dome|연예인맛집|celebrity restaurant|방송국|KBS|MBC|BROAD CAST|K-TOWN|K-타운,K-POP|韩流|经纪公司|偶像|练习生|应援|演唱会|出道|粉丝见面会|签名会,K-pop|hallyu|agency|idol|trainee|fan support|concert|debut|fan meeting|fansign,K-POP|韓流|事務所|アイドル|練習生|応援|コンサート|デビュー|ファンミーティング,K-pop|hallyu|agence|idole|stagiaire|concert|fan meeting,K-Pop|Hallyu|Agentur|Idol|Trainee|Konzert|Fan-Meeting,K-pop|hallyu|agencia|ídolo|aprendiz|concierto|fan meeting,K-pop|hallyu|agência|ídolo|trainee|concerto|fan meeting,K-pop|hallyu|công ty giải trí|thần tượng|thực tập sinh|concert|fan meeting,เคป็อป|ฮัลยู|ค่ายเพลง|ไอดอล|เด็กฝึก|คอนเสิร์ต|แฟนมีตติ้ง,K-pop|hallyu|agensi|idol|trainee|konser|fan meeting,K-pop|hallyu|agensi|idol|pelatih|konsert|fan meeting
landmark,FNC Entertainment,,JYP|YG|기획사|FNC|SM|STARSHIP|스타쉽|FNC|K-POP|drama|k-팝|cn-enm|kspo dome|연예인맛집|celebrity restaurant|방송국|KBS|MBC|BROAD CAST|K-TOWN|K-타운,K-POP|韩流|经纪公司|偶像|练习生|应援|演唱会|出道|粉丝见面会|签名会,K-pop|hallyu|agency|idol|trainee|fan support|concert|debut|fan meeting|fansign,K-POP|韓流|事務所|アイドル|練習生|応援|コンサート|デビュー|ファンミーティング,K-pop|hallyu|agence|idole|stagiaire|concert|fan meeting,K-Pop|Hallyu|Agentur|Idol|Trainee|Konzert|Fan-Meeting,K-pop|hallyu|agencia|ídolo|aprendiz|concierto|fan meeting,K-pop|hallyu|agência|ídolo|trainee|concerto|fan meeting,K-pop|hallyu|công ty giải trí|thần tượng|thực tập sinh|concert|fan meeting,เคป็อป|ฮัลยู|ค่ายเพลง|ไอดอล|เด็กฝึก|คอนเสิร์ต|แฟนมีตติ้ง,K-pop|hallyu|agensi|idol|trainee|konser|fan meeting,K-pop|hallyu|agensi|idol|pelatih|konsert|fan meeting
landmark,Starship Ent.,,JYP|YG|기획사|FNC|SM|STARSHIP|스타쉽|FNC|K-POP|drama|k-팝|cn-enm|kspo dome|연예인맛집|celebrity restaurant|방송국|KBS|MBC|BROAD CAST|K-TOWN|K-타운,K-POP|韩流|经纪公司|偶像|练习生|应援|演唱会|出道|粉丝见面会|签名会,K-pop|hallyu|agency|idol|trainee|fan support|concert|debut|fan meeting|fansign,K-POP|韓流|事務所|アイドル|練習生|応援|コンサート|デビュー|ファンミーティング,K-pop|hallyu|agence|idole|stagiaire|concert|fan meeting,K-Pop|Hallyu|Agentur|Idol|Trainee|Konzert|Fan-Meeting,K-pop|hallyu|agencia|ídolo|aprendiz|concierto|fan meeting,K-pop|hallyu|agência|ídolo|trainee|concerto|fan meeting,K-pop|hallyu|công ty giải trí|thần tượng|thực tập sinh|concert|fan meeting,เคป็อป|ฮัลยู|ค่ายเพลง|ไอดอล|เด็กฝึก|คอนเสิร์ต|แฟนมีตติ้ง,K-pop|hallyu|agensi|idol|trainee|konser|fan meeting,K-pop|hallyu|agensi|idol|pelatih|konsert|fan meeting
landmark,Subway Station,,지하철역|전철역,地铁站|地铁|生日广告|应援广告,subway station|metro|birthday ad|fan ad,地下鉄駅|地下鉄|誕生日広告|応援広告,station de métro|métro|publicité anniversaire,U-Bahnstation|U-Bahn|Geburtstagswerbung,estación de metro|metro|anuncio de cumpleaños,estação de metrô|metrô|anúncio de aniversário,ga tàu điện ngầm|tàu điện ngầm|quảng cáo sinh nhật,สถานีรถไฟฟ้าใต้ดิน|รถไฟฟ้า|โฆษณาวันเกิด,stasiun kereta bawah tanah|MRT|iklan ulang tahun,stesen kereta api bawah tanah|MRT|iklan hari jadi
landmark,Restaurant,,JYP|YG|기획사|FNC|SM|STARSHIP|스타쉽|FNC|K-POP|drama|k-팝|cn-enm|kspo dome|연예인맛집|celebrity restaurant|방송국|KBS|MBC|BROAD CAST|K-TOWN|K-타운,K-POP|韩流|经纪公司|偶像|练习生|应援|演唱会|出道|粉丝见面会|签名会,K-pop|hallyu|agency|idol|trainee|fan support|concert|debut|fan meeting|fansign,K-POP|韓流|事務所|アイドル|練習生|応援|コンサート|デビュー|ファンミーティング,K-pop|hallyu|agence|idole|stagiaire|concert|fan meeting,K-Pop|Hallyu|Agentur|Idol|Trainee|Konzert|Fan-Meeting,K-pop|hallyu|agencia|ídolo|aprendiz|concierto|fan meeting,K-pop|hallyu|agência|ídolo|trainee|concerto|fan meeting,K-pop|hallyu|công ty giải trí|thần tượng|thực tập sinh|concert|fan meeting,เคป็อป|ฮัลยู|ค่ายเพลง|ไอดอล|เด็กฝึก|คอนเสิร์ต|แฟนมีตติ้ง,K-pop|hallyu|agensi|idol|trainee|konser|fan meeting,K-pop|hallyu|agensi|idol|pelatih|konsert|fan meeting
landmark,K-Town,,JYP|YG|기획사|FNC|SM|STARSHIP|스타쉽|FNC|K-POP|drama|k-팝|cn-enm|kspo dome|연예인맛집|celebrity restaurant|방송국|KBS|MBC|BROAD CAST|K-TOWN|K-타운,K-POP|韩流|经纪公司|偶像|练习生|应援|演唱会|出道|粉丝见面会|签名会,K-pop|hallyu|agency|idol|trainee|fan support|concert|debut|fan meeting|fansign,K-POP|韓流|事務所|アイドル|練習生|応援|コンサート|デビュー|ファンミーティング,K-pop|hallyu|agence|idole|stagiaire|concert|fan meeting,K-Pop|Hallyu|Agentur|Idol|Trainee|Konzert|Fan-Meeting,K-pop|hallyu|agencia|ídolo|aprendiz|concierto|fan meeting,K-pop|hallyu|agência|ídolo|trainee|concerto|fan meeting,K-pop|hallyu|công ty giải trí|thần tượng|thực tập sinh|concert|fan meeting,เคป็อป|ฮัลยู|ค่ายเพลง|ไอดอล|เด็กฝึก|คอนเสิร์ต|แฟนมีตติ้ง,K-pop|hallyu|agensi|idol|trainee|konser|fan meeting,K-pop|hallyu|agensi|idol|pelatih|konsert|fan meeting
landmark,KSPO DOME,,JYP|YG|기획사|FNC|SM|STARSHIP|스타쉽|FNC|K-POP|drama|k-팝|cn-enm|kspo dome|연예인맛집|celebrity restaurant|방송국|KBS|MBC|BROAD CAST|K-TOWN|K-타운,K-POP|韩流|经纪公司|偶像|练习生|应援|演唱会|出道|粉丝见面会|签名会,K-pop|hallyu|agency|idol|trainee|fan support|concert|debut|fan meeting|fansign,K-POP|韓流|事務所|アイドル|練習生|応援|コンサート|デビュー|ファンミーティング,K-pop|hallyu|agence|idole|stagiaire|concert|fan meeting,K-Pop|Hallyu|Agentur|Idol|Trainee|Konzert|Fan-Meeting,K-pop|hallyu|agencia|ídolo|aprendiz|concierto|fan meeting,K-pop|hallyu|agência|ídolo|trainee|concerto|fan meeting,K-pop|hallyu|công ty giải trí|thần tượng|thực tập sinh|concert|fan meeting,เคป็อป|ฮัลยู|ค่ายเพลง|ไอดอล|เด็กฝึก|คอนเสิร์ต|แฟนมีตติ้ง,K-pop|hallyu|agensi|idol|trainee|konser|fan meeting,K-pop|hallyu|agensi|idol|pelatih|konsert|fan meeting
landmark,KBS Music Bank,,JYP|YG|기획사|FNC|SM|STARSHIP|스타쉽|FNC|K-POP|drama|k-팝|cn-enm|kspo dome|연예인맛집|celebrity restaurant|방송국|KBS|MBC|BROAD CAST|K-TOWN|K-타운,K-POP|韩流|经纪公司|偶像|练习生|应援|演唱会|出道|粉丝见面会|签名会,K-pop|hallyu|agency|idol|trainee|fan support|concert|debut|fan meeting|fansign,K-POP|韓流|事務所|アイドル|練習生|応援|コンサート|デビュー|ファンミーティング,K-pop|hallyu|agence|idole|stagiaire|concert|fan meeting,K-Pop|Hallyu|Agentur|Idol|Trainee|Konzert|Fan-Meeting,K-pop|hallyu|agencia|ídolo|aprendiz|concierto|fan meeting,K-pop|hallyu|agência|ídolo|trainee|concerto|fan meeting,K-pop|hallyu|công ty giải trí|thần tượng|thực tập sinh|concert|fan meeting,เคป็อป|ฮัลยู|ค่ายเพลง|ไอดอล|เด็กฝึก|คอนเสิร์ต|แฟนมีตติ้ง,K-pop|hallyu|agensi|idol|trainee|konser|fan meeting,K-pop|hallyu|agensi|idol|pelatih|konsert|fan meeting
landmark,CJ ENM Center,,JYP|YG|기획사|FNC|SM|STARSHIP|스타쉽|FNC|K-POP|drama|k-팝|cn-enm|kspo dome|연예인맛집|celebrity restaurant|방송국|KBS|MBC|BROAD CAST|K-TOWN|K-타운,K-POP|韩流|经纪公司|偶像|练习生|应援|演唱会|出道|粉丝见面会|签名会,K-pop|hallyu|agency|idol|trainee|fan support|concert|debut|fan meeting|fansign,K-POP|韓流|事務所|アイドル|練習生|応援|コンサート|デビュー|ファンミーティング,K-pop|hallyu|agence|idole|stagiaire|concert|fan meeting,K-Pop|Hallyu|Agentur|Idol|Trainee|Konzert|Fan-Meeting,K-pop|hallyu|agencia|ídolo|aprendiz|concierto|fan meeting,K-pop|hallyu|agência|ídolo|trainee|concerto|fan meeting,K-pop|hallyu|công ty giải trí|thần tượng|thực tập sinh|concert|fan meeting,เคป็อป|ฮัลยู|ค่ายเพลง|ไอดอล|เด็กฝึก|คอนเสิร์ต|แฟนมีตติ้ง,K-pop|hallyu|agensi|idol|trainee|konser|fan meeting,K-pop|hallyu|agensi|idol|pelatih|konsert|fan meeting
landmark,MBC Sangam,,JYP|YG|기획사|FNC|SM|STARSHIP|스타쉽|FNC|K-POP|drama|k-팝|cn-enm|kspo dome|연예인맛집|celebrity restaurant|방송국|KBS|MBC|BROAD CAST|K-TOWN|K-타운,K-POP|韩流|经纪公司|偶像|练习生|应援|演唱会|出道|粉丝见面会|签名会,K-pop|hallyu|agency|idol|trainee|fan support|concert|debut|fan meeting|fansign,K-POP|韓流|事務所|アイドル|練習生|応援|コンサート|デビュー|ファンミーティング,K-pop|hallyu|agence|idole|stagiaire|concert|fan meeting,K-Pop|Hallyu|Agentur|Idol|Trainee|Konzert|Fan-Meeting,K-pop|hallyu|agencia|ídolo|aprendiz|concierto|fan meeting,K-pop|hallyu|agência|ídolo|trainee|concerto|fan meeting,K-pop|hallyu|công ty giải trí|thần tượng|thực tập sinh|concert|fan meeting,เคป็อป|ฮัลยู|ค่ายเพลง|ไอดอล|เด็กฝึก|คอนเสิร์ต|แฟนมีตติ้ง,K-pop|hallyu|agensi|idol|trainee|konser|fan meeting,K-pop|hallyu|agensi|idol|pelatih|konsert|fan meeting
landmark,Arirang TV,,JYP|YG|기획사|FNC|SM|STARSHIP|스타쉽|FNC|K-POP|drama|k-팝|cn-enm|kspo dome|연예인맛집|celebrity restaurant|방송국|KBS|MBC|BROAD CAST|K-TOWN|K-타운|아리랑티비,K-POP|韩流|经纪公司|偶像|练习生|应援|演唱会|出道|粉丝见面会|签名会,K-pop|hallyu|agency|idol|trainee|fan support|concert|debut|fan meeting|fansign,K-POP|韓流|事務所|アイドル|練習生|応援|コンサート|デビュー|ファンミーティング,K-pop|hallyu|agence|idole|stagiaire|concert|fan meeting,K-Pop|Hallyu|Agentur|Idol|Trainee|Konzert|Fan-Meeting,K-pop|hallyu|agencia|ídolo|aprendiz|concierto|fan meeting,K-pop|hallyu|agência|ídolo|trainee|concerto|fan meeting,K-pop|hallyu|công ty giải trí|thần tượng|thực tập sinh|concert|fan meeting,เคป็อป|ฮัลยู|ค่ายเพลง|ไอดอล|เด็กฝึก|คอนเสิร์ต|แฟนมีตติ้ง,K-pop|hallyu|agensi|idol|trainee|konser|fan meeting,K-pop|hallyu|agensi|idol|pelatih|konsert|fan meeting
landmark,Lunch Box / Snacks,,JYP|YG|기획사|FNC|SM|STARSHIP|스타쉽|FNC|K-POP|drama|k-팝|cn-enm|kspo dome|연예인맛집|celebrity restaurant|방송국|KBS|MBC|BROAD CAST|K-TOWN|K-타운|아리랑티비,K-POP|韩流|经纪公司|偶像|练习生|应援|演唱会|出道|粉丝见面会|签名会,K-pop|hallyu|agency|idol|trainee|fan support|concert|debut|fan meeting|fansign,K-POP|韓流|事務所|アイドル|練習生|応援|コンサート|デビュー|ファンミーティング,K-pop|hallyu|agence|idole|stagiaire|concert|fan meeting,K-Pop|Hallyu|Agentur|Idol|Trainee|Konzert|Fan-Meeting,K-pop|hallyu|agencia|ídolo|aprendiz|concierto|fan meeting,K-pop|hallyu|agência|ídolo|trainee|concerto|fan meeting,K-pop|hallyu|công ty giải trí|thần tượng|thực tập sinh|concert|fan meeting,เคป็อป|ฮัลยู|ค่ายเพลง|ไอดอล|เด็กฝึก|คอนเสิร์ต|แฟนมีตติ้ง,K-pop|hallyu|agensi|idol|trainee|konser|fan meeting,K-pop|hallyu|agensi|idol|pelatih|konsert|fan meeting
landmark,End of Show,,JYP|YG|기획사|FNC|SM|STARSHIP|스타쉽|FNC|K-POP|drama|k-팝|cn-enm|kspo dome|연예인맛집|celebrity restaurant|방송국|KBS|MBC|BROAD CAST|K-TOWN|K-타운|아리랑티비,K-POP|韩流|经纪公司|偶像|练习生|应援|演唱会|出道|粉丝见面会|签名会,K-pop|hallyu|agency|idol|trainee|fan support|concert|debut|fan meeting|fansign,K-POP|韓流|事務所|アイドル|練習生|応援|コンサート|デビュー|ファンミーティング,K-pop|hallyu|agence|idole|stagiaire|concert|fan meeting,K-Pop|Hallyu|Agentur|Idol|Trainee|Konzert|Fan-Meeting,K-pop|hallyu|agencia|ídolo|aprendiz|concierto|fan meeting,K-pop|hallyu|agência|ídolo|trainee|concerto|fan meeting,K-pop|hallyu|công ty giải trí|thần tượng|thực tập sinh|concert|fan meeting,เคป็อป|ฮัลยู|ค่ายเพลง|ไอดอล|เด็กฝึก|คอนเสิร์ต|แฟนมีตติ้ง,K-pop|hallyu|agensi|idol|trainee|konser|fan meeting,K-pop|hallyu|agensi|idol|pelatih|konsert|fan meeting
landmark, Seongeup Folk Village,,성읍민속마을|오라동메밀밭|오라동|해녀마을|하도리,济州岛|城邑民俗村|橘子园|荞麦田|海女|油菜花|偶来小路|海岸公路|济州美食,jeju|seongeup folk village|tangerine farm|buckwheat|haenyeo|olle trail|coastal road,済州島|城邑民俗村|みかん農園|蕎麦畑|海女|オルレの道|海岸道路,Jeju|village folklorique|ferme de mandarines|sarrasin|haenyeo|route côtière,Jeju|Volksdorf|Mandarinenfarm|Buchweizen|Haenyeo|Küstenstraße,Jeju|aldea folclórica|granja de mandarinas|trigo sarraceno|haenyeo|ruta costera,Jeju|aldeia folclórica|fazenda de tangerinas|trigo sarraceno|haenyeo|rota costeira,Jeju|làng dân gian|trang trại quýt|kiều mạch|haenyeo|đường ven biển,เชจู|หมู่บ้านพื้นบ้าน|สวนส้ม|ทุ่งบัควีท|แฮนยอ|เส้นทางชายฝั่ง,Jeju|desa rakyat|kebun jeruk|soba|haenyeo|jalan pantai,Jeju|kampung rakyat|ladang limau|soba|haenyeo|jalan pantai
landmark,Stone Wall Path,,성읍민속마을|오라동메밀밭|오라동|해녀마을|하도리,济州岛|城邑民俗村|橘子园|荞麦田|海女|油菜花|偶来小路|海岸公路|济州美食,jeju|seongeup folk village|tangerine farm|buckwheat|haenyeo|olle trail|coastal road,済州島|城邑民俗村|みかん農園|蕎麦畑|海女|オルレの道|海岸道路,Jeju|village folklorique|ferme de mandarines|sarrasin|haenyeo|route côtière,Jeju|Volksdorf|Mandarinenfarm|Buchweizen|Haenyeo|Küstenstraße,Jeju|aldea folclórica|granja de mandarinas|trigo sarraceno|haenyeo|ruta costera,Jeju|aldeia folclórica|fazenda de tangerinas|trigo sarraceno|haenyeo|rota costeira,Jeju|làng dân gian|trang trại quýt|kiều mạch|haenyeo|đường ven biển,เชจู|หมู่บ้านพื้นบ้าน|สวนส้ม|ทุ่งบัควีท|แฮนยอ|เส้นทางชายฝั่ง,Jeju|desa rakyat|kebun jeruk|soba|haenyeo|jalan pantai,Jeju|kampung rakyat|ladang limau|soba|haenyeo|jalan pantai
landmark,Tangerine Farm,,성읍민속마을|오라동메밀밭|오라동|해녀마을|하도리,济州岛|城邑民俗村|橘子园|荞麦田|海女|油菜花|偶来小路|海岸公路|济州美食,jeju|seongeup folk village|tangerine farm|buckwheat|haenyeo|olle trail|coastal road,済州島|城邑民俗村|みかん農園|蕎麦畑|海女|オルレの道|海岸道路,Jeju|village folklorique|ferme de mandarines|sarrasin|haenyeo|route côtière,Jeju|Volksdorf|Mandarinenfarm|Buchweizen|Haenyeo|Küstenstraße,Jeju|aldea folclórica|granja de mandarinas|trigo sarraceno|haenyeo|ruta costera,Jeju|aldeia folclórica|fazenda de tangerinas|trigo sarraceno|haenyeo|rota costeira,Jeju|làng dân gian|trang trại quýt|kiều mạch|haenyeo|đường ven biển,เชจู|หมู่บ้านพื้นบ้าน|สวนส้ม|ทุ่งบัควีท|แฮนยอ|เส้นทางชายฝั่ง,Jeju|desa rakyat|kebun jeruk|soba|haenyeo|jalan pantai,Jeju|kampung rakyat|ladang limau|soba|haenyeo|jalan pantai
landmark,Buckwheat Field,,성읍민속마을|오라동메밀밭|오라동|해녀마을|하도리,济州岛|城邑民俗村|橘子园|荞麦田|海女|油菜花|偶来小路|海岸公路|济州美食,jeju|seongeup folk village|tangerine farm|buckwheat|haenyeo|olle trail|coastal road,済州島|城邑民俗村|みかん農園|蕎麦畑|海女|オルレの道|海岸道路,Jeju|village folklorique|ferme de mandarines|sarrasin|haenyeo|route côtière,Jeju|Volksdorf|Mandarinenfarm|Buchweizen|Haenyeo|Küstenstraße,Jeju|aldea folclórica|granja de mandarinas|trigo sarraceno|haenyeo|ruta costera,Jeju|aldeia folclórica|fazenda de tangerinas|trigo sarraceno|haenyeo|rota costeira,Jeju|làng dân gian|trang trại quýt|kiều mạch|haenyeo|đường ven biển,เชจู|หมู่บ้านพื้นบ้าน|สวนส้ม|ทุ่งบัควีท|แฮนยอ|เส้นทางชายฝั่ง,Jeju|desa rakyat|kebun jeruk|soba|haenyeo|jalan pantai,Jeju|kampung rakyat|ladang limau|soba|haenyeo|jalan pantai
landmark,Beach,,성읍민속마을|오라동메밀밭|오라동|해녀마을|하도리,济州岛|城邑民俗村|橘子园|荞麦田|海女|油菜花|偶来小路|海岸公路|济州美食,jeju|seongeup folk village|tangerine farm|buckwheat|haenyeo|olle trail|coastal road,済州島|城邑民俗村|みかん農園|蕎麦畑|海女|オルレの道|海岸道路,Jeju|village folklorique|ferme de mandarines|sarrasin|haenyeo|route côtière,Jeju|Volksdorf|Mandarinenfarm|Buchweizen|Haenyeo|Küstenstraße,Jeju|aldea folclórica|granja de mandarinas|trigo sarraceno|haenyeo|ruta costera,Jeju|aldeia folclórica|fazenda de tangerinas|trigo sarraceno|haenyeo|rota costeira,Jeju|làng dân gian|trang trại quýt|kiều mạch|haenyeo|đường ven biển,เชจู|หมู่บ้านพื้นบ้าน|สวนส้ม|ทุ่งบัควีท|แฮนยอ|เส้นทางชายฝั่ง,Jeju|desa rakyat|kebun jeruk|soba|haenyeo|jalan pantai,Jeju|kampung rakyat|ladang limau|soba|haenyeo|jalan pantai
landmark,Hallasan,,성읍민속마을|오라동메밀밭|오라동|해녀마을|하도리,济州岛|城邑民俗村|橘子园|荞麦田|海女|油菜花|偶来小路|海岸公路|济州美食,jeju|seongeup folk village|tangerine farm|buckwheat|haenyeo|olle trail|coastal road,済州島|城邑民俗村|みかん農園|蕎麦畑|海女|オルレの道|海岸道路,Jeju|village folklorique|ferme de mandarines|sarrasin|haenyeo|route côtière,Jeju|Volksdorf|Mandarinenfarm|Buchweizen|Haenyeo|Küstenstraße,Jeju|aldea folclórica|granja de mandarinas|trigo sarraceno|haenyeo|ruta costera,Jeju|aldeia folclórica|fazenda de tangerinas|trigo sarraceno|haenyeo|rota costeira,Jeju|làng dân gian|trang trại quýt|kiều mạch|haenyeo|đường ven biển,เชจู|หมู่บ้านพื้นบ้าน|สวนส้ม|ทุ่งบัควีท|แฮนยอ|เส้นทางชายฝั่ง,Jeju|desa rakyat|kebun jeruk|soba|haenyeo|jalan pantai,Jeju|kampung rakyat|ladang limau|soba|haenyeo|jalan pantai
landmark,Market,,성읍민속마을|오라동메밀밭|오라동|해녀마을|하도리,济州岛|城邑民俗村|橘子园|荞麦田|海女|油菜花|偶来小路|海岸公路|济州美食,jeju|seongeup folk village|tangerine farm|buckwheat|haenyeo|olle trail|coastal road,済州島|城邑民俗村|みかん農園|蕎麦畑|海女|オルレの道|海岸道路,Jeju|village folklorique|ferme de mandarines|sarrasin|haenyeo|route côtière,Jeju|Volksdorf|Mandarinenfarm|Buchweizen|Haenyeo|Küstenstraße,Jeju|aldea folclórica|granja de mandarinas|trigo sarraceno|haenyeo|ruta costera,Jeju|aldeia folclórica|fazenda de tangerinas|trigo sarraceno|haenyeo|rota costeira,Jeju|làng dân gian|trang trại quýt|kiều mạch|haenyeo|đường ven biển,เชจู|หมู่บ้านพื้นบ้าน|สวนส้ม|ทุ่งบัควีท|แฮนยอ|เส้นทางชายฝั่ง,Jeju|desa rakyat|kebun jeruk|soba|haenyeo|jalan pantai,Jeju|kampung rakyat|ladang limau|soba|haenyeo|jalan pantai
landmark,Coastal Road,,성읍민속마을|오라동메밀밭|오라동|해녀마을|하도리,济州岛|城邑民俗村|橘子园|荞麦田|海女|油菜花|偶来小路|海岸公路|济州美食,jeju|seongeup folk village|tangerine farm|buckwheat|haenyeo|olle trail|coastal road,済州島|城邑民俗村|みかん農園|蕎麦畑|海女|オルレの道|海岸道路,Jeju|village folklorique|ferme de mandarines|sarrasin|haenyeo|route côtière,Jeju|Volksdorf|Mandarinenfarm|Buchweizen|Haenyeo|Küstenstraße,Jeju|aldea folclórica|granja de mandarinas|trigo sarraceno|haenyeo|ruta costera,Jeju|aldeia folclórica|fazenda de tangerinas|trigo sarraceno|haenyeo|rota costeira,Jeju|làng dân gian|trang trại quýt|kiều mạch|haenyeo|đường ven biển,เชจู|หมู่บ้านพื้นบ้าน|สวนส้ม|ทุ่งบัควีท|แฮนยอ|เส้นทางชายฝั่ง,Jeju|desa rakyat|kebun jeruk|soba|haenyeo|jalan pantai,Jeju|kampung rakyat|ladang limau|soba|haenyeo|jalan pantai
